slug,title,category,editorial_status,A,B,C,D,E,F,G,H,I,J,K,L,overall,tier,reader_test,recognition_evidence,unique_insight_evidence,generic_dictionary_test,generic_dictionary_note,nearest_neighbor_slug,neighbor_similarity,collision,independent_intent,primary_reason,secondary_reasons,trust_risks,word_count,reflection_question_count,related_dream_count,related_reason_count
snake,Snake,Animals and creatures,,3,3,2,2,0,3,2,3,3,2,3,2,28,P3,Passes,"White snake May create feelings of peace, curiosity, caution, or quiet respect rather than fear.","Watching a snake without fear may symbolize growing emotional maturity, increasing self-awareness, or becoming more comfortable with parts of yourself that once felt unfamiliar or intimidating.",Partially,"Useful material is present, but some reasoning still resembles a broad dictionary treatment.",being-chased-by-a-snake,0.6927,true,"Potentially defensible if this distinction remains central: Watching a snake without fear may symbolize growing emotional maturity, increasing self-awareness, or becoming more comfortable with parts of yourself that once felt unfamiliar or intimidating.",Generic interpretation,Excessive repetition; Likely duplicate intent,,2460,4,9,9
chased,Being Chased,Anxiety and fear,,2,3,2,2,1,2,2,3,3,2,3,2,27,P2,Passes,"Being chased by police May reflect guilt, fear of consequences, pressure to meet expectations, or anxiety about being judged.","Being chased by a lion Often reflects intimidation, pressure from authority, overwhelming responsibilities, or fear of confronting powerful situations.",Partially,"Useful material is present, but some reasoning still resembles a broad dictionary treatment.",being-chased-by-a-snake,0.5731,true,"Potentially defensible if this distinction remains central: Being chased by a lion Often reflects intimidation, pressure from authority, overwhelming responsibilities, or fear of confronting powerful situations.",Generic interpretation,Excessive repetition; Likely duplicate intent,,2127,4,10,10
pregnant,Being Pregnant,Family,,3,3,2,2,1,3,2,3,3,2,3,3,30,P3,Passes,"Being afraid of being pregnant May reflect fear of responsibility, uncertainty about the future, self-doubt, or anxiety surrounding major life changes.",Why men can dream about being pregnant Pregnancy dreams are symbolic rather than biological.,Partially,"Useful material is present, but some reasoning still resembles a broad dictionary treatment.",pregnant-with-twins,0.4781,true,Potentially defensible if this distinction remains central: Why men can dream about being pregnant Pregnancy dreams are symbolic rather than biological.,Generic interpretation,Excessive repetition,,1997,4,10,10
ex-partner,Ex-Partner,Relationships,,3,2,2,1,2,3,2,3,3,2,3,3,29,P3,Passes,"You hide the ex from a current partner Secrecy can involve guilt, comparison, private memory, or fear that the past still influences the present; it does not automatically imply infidelity.","An ex-partner can function as an emotional timestamp rather than a romantic instruction: the dream can compare a former stage of identity, an old expectation about intimacy, or a learned pattern with your life now.",Partially,"Useful material is present, but some reasoning still resembles a broad dictionary treatment.",marrying-an-ex,0.4546,false,The closest neighbor does not currently erase this page's independent intent.,Poor conditional scenarios,,,1031,4,4,4
house-burning,House burning,Houses and places,,3,3,3,2,1,2,2,3,3,0,3,2,27,P2,Passes,"being trapped inside the burning house Often reflects emotional overwhelm, helplessness, anxiety, emotional pressure, or feeling emotionally consumed by situations you cannot easily escape.","Why house burning dreams repeat Recurring house burning dreams often reflect ongoing instability, unresolved stress, emotional pressure, fear surrounding change, or internal situations that continue feeling unsafe or overwhelming beneath the surface.",Partially,"Useful material is present, but some reasoning still resembles a broad dictionary treatment.",house-on-fire,0.5775,true,"Potentially defensible if this distinction remains central: Why house burning dreams repeat Recurring house burning dreams often reflect ongoing instability, unresolved stress, emotional pressure, fear surrounding change, or internal situations that continue feeling unsafe or overwhelming beneath the surface.",Weak reflection questions,,,1459,0,6,6
flying,Flying,Transformation and life transitions,,3,3,2,2,1,3,3,3,3,2,3,2,30,P3,Passes,"Flying like a bird Often reflects complete emotional freedom, joy, peace, and living without unnecessary limitations.","This is why flying dreams frequently appear after healing from heartbreak, achieving long-term goals, recovering from anxiety, or finally moving beyond situations that once felt impossible to escape.",Partially,"Useful material is present, but some reasoning still resembles a broad dictionary treatment.",flying-then-falling,0.4973,false,The closest neighbor does not currently erase this page's independent intent.,Generic interpretation,Excessive repetition; Likely duplicate intent,,2772,4,9,9
sheep,Sheep,Spiritual dreams,,3,3,2,1,3,2,2,3,2,0,3,2,26,P2,Passes,"Dreams about sheep often reflect peace, innocence, trust, gentleness, spiritual guidance, belonging, vulnerability, conformity, or the desire for safety, comfort, and stability in your life.","Why sheep often appear during stressful periods When life feels chaotic, the subconscious may use sheep to symbolize safety, simplicity, stability, and the desire for emotional peace.",Partially,"Useful material is present, but some reasoning still resembles a broad dictionary treatment.",being-lost,0.1203,false,The closest neighbor does not currently erase this page's independent intent.,Weak reflection questions,,,1073,0,4,4
bright-light-in-the-sky,Bright Light in the Sky,Spiritual dreams,,3,3,3,2,1,3,2,3,2,2,2,3,29,P3,Passes,"A bright light in the sky often reflects awareness, clarity, hope, guidance, realization, or the feeling that something important is becoming visible after a period of uncertainty.","an extremely bright light Awe, fear, fascination, or emotional intensity may dominate the experience.",Partially,"Useful material is present, but some reasoning still resembles a broad dictionary treatment.",light-surrounding-you,0.5624,true,"Potentially defensible if this distinction remains central: an extremely bright light Awe, fear, fascination, or emotional intensity may dominate the experience.",Generic interpretation,Excessive repetition; Likely duplicate intent,,894,5,2,2
full-moon,Full Moon,Transformation and life transitions,,3,3,2,1,2,2,2,3,2,2,3,2,27,P2,Passes,"Completion Someone finishing a long project might dream of watching a calm full moon rise, reflecting a sense of culmination.","A full moon may be experienced as beautiful, exposing, eerie, or ordinary.",Partially,"Useful material is present, but some reasoning still resembles a broad dictionary treatment.",no-moon-or-sun-in-the-sky,0.426,false,The closest neighbor does not currently erase this page's independent intent.,Poor conditional scenarios,,,807,5,3,3
no-moon-or-sun-in-the-sky,No Moon or Sun in the Sky,Spiritual dreams,,3,3,3,1,2,2,2,3,2,0,3,2,26,P2,Passes,The missing sun and moon may symbolize the absence of emotional anchors that once provided comfort.,Why this dream feels so unsettling The sun and moon are symbols humans instinctively associate with orientation and stability.,Partially,"Useful material is present, but some reasoning still resembles a broad dictionary treatment.",full-moon,0.426,false,The closest neighbor does not currently erase this page's independent intent.,Weak reflection questions,,,1137,0,4,4
seeing-god,Seeing God,Biblical dreams,,3,3,3,2,1,3,2,3,3,2,3,3,31,P3,Passes,"Seeing God surrounded by light Often creates overwhelming peace, awe, hope, and emotional clarity.","Seeing God from afar symbolizes spiritual seeking, personal growth, and recognizing that some journeys unfold gradually rather than all at once.",Partially,"Useful material is present, but some reasoning still resembles a broad dictionary treatment.",speaking-to-god,0.568,true,"Potentially defensible if this distinction remains central: Seeing God from afar symbolizes spiritual seeking, personal growth, and recognizing that some journeys unfold gradually rather than all at once.",Generic interpretation,Excessive repetition; Likely duplicate intent,,2046,4,10,10
angels,Angels,Spiritual dreams,,2,3,2,2,2,3,2,3,2,2,3,2,28,P3,Passes,"Comfort may reflect felt support, whereas awe can combine safety with recognition of something beyond personal control.","Why angel dreams feel comforting Many people associate angels with safety, support, and protection, creating a naturally reassuring emotional atmosphere.",Partially,"Useful material is present, but some reasoning still resembles a broad dictionary treatment.",fighting-an-angel,0.4132,false,The closest neighbor does not currently erase this page's independent intent.,Weak opening,Generic interpretation; Insufficient symbolic context,,929,5,6,6
darkness,Darkness,Anxiety and fear,,2,2,2,1,2,2,2,3,2,2,3,2,25,P2,Passes,"darkness with no fear Can reflect acceptance, introspection, patience, or comfort with temporarily not having all the answers.","Unlike symbols associated with direct danger, darkness often represents uncertainty itself rather than a specific threat.",Partially,"Useful material is present, but some reasoning still resembles a broad dictionary treatment.",floating-in-a-dark-void,0.3758,false,The closest neighbor does not currently erase this page's independent intent.,Poor conditional scenarios,,,1121,5,5,5
hearing-bells,Hearing / Seeing Bells,Spiritual dreams,KEEP,3,3,3,1,3,1,1,1,1,2,3,2,24,P2,Passes,"Hearing or seeing bells in a dream can mark attention, timing, celebration, warning, or a call you are unsure how to answer.","hearing church bells Peace, reflection, comfort, or spiritual curiosity may emerge.",Partially,"Useful material is present, but some reasoning still resembles a broad dictionary treatment.",hearing-your-name-called,0.1531,false,The closest neighbor does not currently erase this page's independent intent.,Insufficient emotional context,Insufficient symbolic context; Weak spiritual/biblical interpretation,,580,5,3,3
seeing-a-dead-person,Seeing a Dead Person,Death and grief,KEEP,3,3,3,1,1,2,1,2,1,2,3,2,24,P2,Passes,"seeing a distressed dead person May reflect grief, guilt, unresolved feelings, fear, worry, or emotional discomfort connected to the relationship.","seeing a dead person smiling Can reflect comfort, reassurance, healing, gratitude, acceptance, or peace.",Partially,"Useful material is present, but some reasoning still resembles a broad dictionary treatment.",talking-to-a-dead-person,0.4962,true,"Potentially defensible if this distinction remains central: seeing a dead person smiling Can reflect comfort, reassurance, healing, gratitude, acceptance, or peace.",Generic interpretation,Insufficient symbolic context; No practical connection,,636,5,4,4
fire,Fire,Transformation and life transitions,,2,2,2,1,0,2,2,3,3,2,3,2,24,P1,Passes,"Fire dreams often reflect intense emotions, transformation, emotional pressure, passion, anger, destruction, release, or powerful change that feels impossible to ignore.","Symbolically, fire often represents intensity, emotional pressure, transformation, destruction, renewal, passion, anger, emotional release, purification, motivation, or emotionally powerful change.",Mostly yes,"The page needs a more dream-specific distinction, conditional scenario, or reflection that could not be reused broadly.",house-on-fire,0.6109,true,"Potentially defensible if this distinction remains central: Symbolically, fire often represents intensity, emotional pressure, transformation, destruction, renewal, passion, anger, emotional release, purification, motivation, or emotionally powerful change.",Generic interpretation,Excessive repetition; Likely duplicate intent,,1179,4,6,6
holding-a-baby,Holding a baby,Family,,3,3,3,2,0,2,2,3,3,2,3,2,28,P3,Passes,"holding a calm or happy baby Often reflects emotional comfort, healing, fulfillment, emotional connection, or feeling emotionally aligned with something meaningful developing in your life.","feeling joyful while holding the baby Can reflect emotional fulfillment, hope, love, healing, emotional readiness, or excitement surrounding emotionally meaningful growth and change.",Partially,"Useful material is present, but some reasoning still resembles a broad dictionary treatment.",seeing-baby-boy,0.6992,true,"Potentially defensible if this distinction remains central: feeling joyful while holding the baby Can reflect emotional fulfillment, hope, love, healing, emotional readiness, or excitement surrounding emotionally meaningful growth and change.",Generic interpretation,Excessive repetition; Likely duplicate intent,,967,4,5,5
seeing-baby-boy,Seeing a baby boy,Family,,3,3,3,1,0,1,2,3,3,2,3,2,26,P2,Passes,"seeing a smiling or happy baby boy May reflect emotional hope, healing, emotional comfort, confidence, or positive emotional developments beginning to unfold.","seeing a crying baby boy Can reflect emotional vulnerability, emotional needs, unresolved feelings, insecurity, or emotionally fragile situations requiring attention and care.",Partially,"Useful material is present, but some reasoning still resembles a broad dictionary treatment.",holding-a-baby,0.6992,true,"Potentially defensible if this distinction remains central: seeing a crying baby boy Can reflect emotional vulnerability, emotional needs, unresolved feelings, insecurity, or emotionally fragile situations requiring attention and care.",Generic interpretation,Excessive repetition; Likely duplicate intent,,986,4,6,6
seeing-baby-girl,Seeing a baby girl,Family,,3,3,3,2,0,1,2,3,3,2,3,2,27,P2,Passes,"seeing a smiling or peaceful baby girl May reflect emotional harmony, healing, emotional comfort, intuition, or positive emotional developments unfolding naturally.","seeing a crying baby girl Can reflect emotional vulnerability, unresolved feelings, emotional sensitivity, healing needs, or emotionally fragile situations requiring care and understanding.",Partially,"Useful material is present, but some reasoning still resembles a broad dictionary treatment.",seeing-baby-boy,0.6823,true,"Potentially defensible if this distinction remains central: seeing a crying baby girl Can reflect emotional vulnerability, unresolved feelings, emotional sensitivity, healing needs, or emotionally fragile situations requiring care and understanding.",Generic interpretation,Excessive repetition; Likely duplicate intent,,1022,4,6,6
having-sex,Having Sex,Relationships,,3,3,2,2,3,2,2,3,2,2,3,3,30,P3,Passes,"having sex with a stranger Often reflects unexplored desires, undiscovered aspects of yourself, new possibilities, or unfamiliar qualities emerging within your personality.","having sex with a celebrity May symbolize ambition, confidence, success, recognition, or qualities you associate with that public figure.",Partially,"Useful material is present, but some reasoning still resembles a broad dictionary treatment.",marrying-someone-you-know,0.2845,false,The closest neighbor does not currently erase this page's independent intent.,Generic interpretation,Insufficient emotional context; Insufficient symbolic context,,877,4,4,4
being-unable-to-scream,Being unable to scream,Anxiety and fear,,3,3,3,1,1,3,2,2,3,2,3,2,28,P3,Passes,"Dreams about being unable to scream often reflect feeling powerless, unheard, emotionally suppressed, vulnerable, trapped, overwhelmed, ignored, or unable to express important thoughts, fears, needs, or emotions.","trying to scream during danger Often symbolizes fear, vulnerability, helplessness, or feeling unable to protect yourself.",Partially,"Useful material is present, but some reasoning still resembles a broad dictionary treatment.",being-unable-to-speak,0.5272,false,The closest neighbor does not currently erase this page's independent intent.,Generic interpretation,Poor conditional scenarios; Excessive repetition,,959,5,7,7
running-slowly,Running slowly,Transformation and life transitions,,3,3,2,1,0,2,2,3,2,2,3,2,25,P1,Passes,"running slowly while being chased Often symbolizes anxiety, pressure, fear, avoidance, or feeling unable to escape a stressful situation.","running slowly toward a destination May reflect delayed goals, frustration, obstacles, or challenges affecting progress.",Mostly yes,"The page needs a more dream-specific distinction, conditional scenario, or reflection that could not be reused broadly.",running-but-cant-move-fast,0.6285,true,"Potentially defensible if this distinction remains central: running slowly toward a destination May reflect delayed goals, frustration, obstacles, or challenges affecting progress.",Generic interpretation,Excessive repetition; Likely duplicate intent,,944,5,7,7
seeing-someone-you-miss,Seeing someone you miss,Relationships,,3,3,3,2,1,2,2,3,2,2,3,2,28,P3,Passes,"seeing someone you miss from childhood Often reflects nostalgia, innocence, personal history, and meaningful memories.","seeing someone you miss but being unable to reach them Often symbolizes longing, emotional distance, unfinished feelings, or unresolved circumstances.",Partially,"Useful material is present, but some reasoning still resembles a broad dictionary treatment.",meeting-someone-from-your-past,0.5187,false,The closest neighbor does not currently erase this page's independent intent.,Generic interpretation,Excessive repetition; Likely duplicate intent,,989,5,5,5
hair-growing-rapidly,Hair growing rapidly,Body-related dreams,KEEP,3,3,3,1,0,1,1,1,1,2,3,2,21,P1,Passes,"cutting rapidly growing hair May symbolize managing change, controlling growth, simplifying responsibilities, or adjusting priorities.","facial hair growing rapidly May symbolize maturity, authority, personal power, responsibility, or changing identity.",Mostly yes,"The page needs a more dream-specific distinction, conditional scenario, or reflection that could not be reused broadly.",hair-falling-out,0.6614,true,"Potentially defensible if this distinction remains central: facial hair growing rapidly May symbolize maturity, authority, personal power, responsibility, or changing identity.",Generic interpretation,Excessive repetition; Likely duplicate intent,,552,5,3,3
being-accused-of-something-you-didnt-do,Being accused of something you didn't do,Relationships,,3,3,2,1,3,2,2,3,2,2,3,2,28,P3,Passes,"Dreams about being accused of something you didn't do often reflect feeling misunderstood, unfairly judged, blamed, mistrusted, vulnerable, defensive, anxious about reputation, or frustrated that others do not see the truth of a situation.","being accused by a stranger Often symbolizes fear of judgment, social pressure, reputation concerns, or insecurity about how others perceive you.",Partially,"Useful material is present, but some reasoning still resembles a broad dictionary treatment.",being-judged,0.2949,false,The closest neighbor does not currently erase this page's independent intent.,Poor conditional scenarios,,,1003,5,7,7
disappearing-in-a-crowd,Disappearing in a crowd,Transformation and life transitions,,3,3,2,0,2,2,2,2,3,2,3,2,26,P2,Passes,"A hostile crowd differs from a celebratory one, and relief at disappearing differs sharply from panic.","slowly disappearing into a crowd Often symbolizes gradually losing touch with personal identity, priorities, or self-expression.",Partially,"Useful material is present, but some reasoning still resembles a broad dictionary treatment.",being-in-a-room-with-many-people,0.3909,false,The closest neighbor does not currently erase this page's independent intent.,Poor conditional scenarios,,,901,5,5,5
travel,Travel,Travel and transportation,,3,2,2,2,1,2,2,2,2,2,3,2,25,P2,Passes,"traveling by train Often symbolizes following a structured path, life plans, routines, or predetermined directions.","The dream may ask whether the destination reflects your values, whether you have adequate resources, and whether you are traveling by choice or simply being carried by circumstances.",Partially,"Useful material is present, but some reasoning still resembles a broad dictionary treatment.",traveling-to-your-dream-destination,0.4638,false,The closest neighbor does not currently erase this page's independent intent.,Generic interpretation,Excessive repetition,,882,5,5,5
work-stress,Work stress,Transformation and life transitions,,3,3,2,1,2,2,2,2,3,2,3,2,27,P2,Passes,"Dreams about work stress often reflect pressure, responsibility, burnout, performance anxiety, overwhelm, unmet expectations, emotional exhaustion, ambition, or concerns about stability, achievement, and control.",Someone balancing multiple responsibilities may dream of work stress because their mental energy is stretched thin.,Partially,"Useful material is present, but some reasoning still resembles a broad dictionary treatment.",being-late,0.3424,false,The closest neighbor does not currently erase this page's independent intent.,Poor conditional scenarios,,,889,5,5,5
animal-attack,Animal attack,Animals and creatures,,3,3,3,1,1,3,2,2,3,2,3,2,28,P3,Passes,"Fear may focus on injury, but betrayal becomes central when a trusted animal attacks.",Direct fear residue Someone recently chased by an animal may replay an attack while processing the real event.,Partially,"Useful material is present, but some reasoning still resembles a broad dictionary treatment.",intimacy-with-an-animal,0.5001,false,The closest neighbor does not currently erase this page's independent intent.,Generic interpretation,Poor conditional scenarios; Excessive repetition,,964,5,5,5
abandonment,Abandonment,Anxiety and fear,,3,3,2,0,2,2,2,3,2,0,3,2,24,P2,Passes,"What psychologists might see in this dream From a psychological perspective, abandonment dreams may reflect attachment concerns, relationship anxiety, fear of rejection, unresolved grief, childhood experiences, insecurity, or emotional vulnerability.","Why recurring abandonment dreams happen Recurring dreams often suggest ongoing attachment fears, unresolved emotional wounds, relationship insecurity, grief, or unmet emotional needs that continue seeking attention.",Partially,"Useful material is present, but some reasoning still resembles a broad dictionary treatment.",partner-cheating-on-you,0.3632,false,The closest neighbor does not currently erase this page's independent intent.,Weak reflection questions,Poor conditional scenarios,,1094,0,6,6
seeing-the-devil,Seeing the Devil,Anxiety and fear,,3,3,3,1,3,1,2,3,2,0,3,2,26,P2,Passes,"Dreams about seeing the devil often reflect fear, temptation, guilt, inner conflict, destructive influences, spiritual struggles, suppressed emotions, or confronting parts of yourself or your life that feel dangerous, unhealthy, or difficult to face honestly.","being afraid of the devil May symbolize fear of consequences, guilt, vulnerability, anxiety, or feeling overwhelmed by a situation.",Partially,"Useful material is present, but some reasoning still resembles a broad dictionary treatment.",evil-presence,0.217,false,The closest neighbor does not currently erase this page's independent intent.,Weak reflection questions,,,1195,0,5,5
talking-to-yourself,Talking to yourself,Transformation and life transitions,,3,3,2,1,2,1,2,3,2,2,3,2,26,P2,Passes,"seeing multiple versions of yourself talking May reflect identity exploration, internal debate, personal complexity, or different aspects of your personality.","talking to your younger self May symbolize healing, self-compassion, personal growth, or reconnecting with forgotten aspects of yourself.",Partially,"Useful material is present, but some reasoning still resembles a broad dictionary treatment.",different-reflection-in-the-mirror,0.3587,false,The closest neighbor does not currently erase this page's independent intent.,Insufficient emotional context,Poor conditional scenarios,,953,5,6,6
crying,Crying,Anxiety and fear,,2,3,2,1,2,2,2,3,3,0,3,2,25,P2,Passes,"Relief versus sadness in crying dreams Some crying dreams reflect grief, sadness, or emotional pain, while others symbolize emotional release, healing, vulnerability, or relief after long periods of suppression.","crying from sadness Often reflects grief, heartbreak, loneliness, disappointment, emotional pain, or unresolved emotional wounds.",Partially,"Useful material is present, but some reasoning still resembles a broad dictionary treatment.",baby-crying,0.4503,true,"Potentially defensible if this distinction remains central: crying from sadness Often reflects grief, heartbreak, loneliness, disappointment, emotional pain, or unresolved emotional wounds.",Weak reflection questions,,,1312,0,5,5
driving,Driving,Travel and transportation,KEEP,3,3,3,2,2,2,2,2,3,2,3,2,29,P3,Passes,Fear while a passenger may reveal dependence or trust; fear while driving may concern consequences you believe belong to you.,"If the dream follows real driving fear or danger, address that experience directly rather than treating it as a symbolic forecast.",Partially,"Useful material is present, but some reasoning still resembles a broad dictionary treatment.",driving-a-car-without-control,0.456,false,The closest neighbor does not currently erase this page's independent intent.,Generic interpretation,Insufficient emotional context; Insufficient symbolic context,,834,5,5,5
driving-a-car-without-control,Driving a car without control,Travel and transportation,,3,3,2,1,1,2,2,2,3,2,3,2,26,P2,Passes,"Dreams about driving a car without control often reflect uncertainty, overwhelm, loss of direction, anxiety, major life transitions, pressure, impulsive decisions, or concerns about your ability to manage important areas of your life.","car accelerating uncontrollably Often symbolizes situations moving too quickly, mounting pressure, or fear of losing stability.",Partially,"Useful material is present, but some reasoning still resembles a broad dictionary treatment.",car-accident,0.4888,false,The closest neighbor does not currently erase this page's independent intent.,Generic interpretation,Poor conditional scenarios; Excessive repetition,,981,5,5,5
flying-then-falling,Flying then falling,Transformation and life transitions,KEEP,3,3,3,2,1,2,1,2,2,2,3,3,27,P2,Passes,"Flying then falling creates a contrast: confidence or possibility gives way to exposure, uncertainty, or a fear of losing progress.","Why recurring dreams happen Recurring dreams about flying then falling may suggest ongoing concerns involving success, pressure, uncertainty, self-confidence, or fear of losing progress.",Partially,"Useful material is present, but some reasoning still resembles a broad dictionary treatment.",flying,0.4973,false,The closest neighbor does not currently erase this page's independent intent.,Generic interpretation,Insufficient symbolic context; Excessive repetition,,865,5,4,4
driving-on-a-road-that-keeps-changing,Driving on a road that keeps changing,Travel and transportation,IMPROVE,3,3,2,1,2,1,2,3,3,0,3,2,25,P2,Passes,"Dreams about driving on a road that keeps changing often reflect uncertainty, life transitions, changing circumstances, shifting goals, adaptability, loss of predictability, personal growth, or difficulty navigating an evolving situation.","Why changing roads feel unsettling People often seek predictability, making constantly shifting paths a powerful symbol of uncertainty.",Partially,"Useful material is present, but some reasoning still resembles a broad dictionary treatment.",stranded-on-the-road,0.3799,false,The closest neighbor does not currently erase this page's independent intent.,Weak reflection questions,,,799,0,5,5
eyes,Eyes,Spiritual dreams,KEEP,3,3,2,2,0,2,2,2,3,2,3,2,26,P2,Passes,"Someone looks directly into your eyes The gaze can express intimacy, recognition, challenge, or judgment depending on who they are and whether you want the contact.","If the dreamer closes their own eyes and feels peaceful, the image may concern rest or a chosen boundary rather than denial.",Partially,"Useful material is present, but some reasoning still resembles a broad dictionary treatment.",eyes-staring-at-you-in-the-dark,0.5977,true,"Potentially defensible if this distinction remains central: If the dreamer closes their own eyes and feels peaceful, the image may concern rest or a chosen boundary rather than denial.",Generic interpretation,Excessive repetition,,1026,5,3,3
eyes-staring-at-you-in-the-dark,Eyes staring at you in the dark,Anxiety and fear,,3,3,3,1,0,2,2,3,3,0,3,2,25,P2,Passes,"Dreams about eyes staring at you in the dark often reflect hidden fears, unresolved emotions, anxiety about the unknown, self-awareness, intuition, or the feeling that something important is demanding attention from beneath the surface of your conscious mind.","frightening eyes in the dark May symbolize hidden fears, unresolved emotions, anxiety, or situations that feel psychologically threatening.",Partially,"Useful material is present, but some reasoning still resembles a broad dictionary treatment.",eyes,0.5977,true,"Potentially defensible if this distinction remains central: frightening eyes in the dark May symbolize hidden fears, unresolved emotions, anxiety, or situations that feel psychologically threatening.",Generic interpretation,Weak reflection questions; Excessive repetition,,1122,0,4,4
moving-to-a-new-house,Moving to a new house,Houses and places,,3,3,3,1,0,2,2,3,2,0,3,2,24,P2,Passes,"moving into an unfamiliar house Often reflects uncertainty, new opportunities, identity shifts, or entering unfamiliar territory in life.","Someone accepting a promotion may dream of moving into a new house because their responsibilities, routines, and future expectations are changing.",Partially,"Useful material is present, but some reasoning still resembles a broad dictionary treatment.",new-house,0.6984,true,"Potentially defensible if this distinction remains central: Someone accepting a promotion may dream of moving into a new house because their responsibilities, routines, and future expectations are changing.",Generic interpretation,Weak reflection questions; Excessive repetition,,1160,0,5,5
blood,Blood,Body-related dreams,,3,2,2,1,3,0,2,3,3,0,3,2,24,P2,Passes,"blood on your hands Often reflects guilt, responsibility, regret, accountability, or feeling connected to the outcome of a situation.","Why recurring blood dreams matter Recurring dreams often suggest unresolved emotional wounds, ongoing stress, unprocessed grief, or experiences that continue carrying emotional weight.",Partially,"Useful material is present, but some reasoning still resembles a broad dictionary treatment.",partner-cheating-on-you,0.1114,false,The closest neighbor does not currently erase this page's independent intent.,Insufficient emotional context,Weak reflection questions,,1081,0,4,4
lion-chasing-you,Lion chasing you,Animals and creatures,,3,3,3,1,0,1,2,3,2,2,3,2,25,P2,Passes,"Dreams about a lion chasing you often reflect powerful fears, avoidance, pressure, authority, personal challenges, unresolved emotions, survival instincts, or situations that feel intimidating, demanding, or impossible to ignore.","a lion chasing you in the dark May reflect uncertainty, hidden fears, anxiety, or concerns about the unknown.",Partially,"Useful material is present, but some reasoning still resembles a broad dictionary treatment.",being-chased-by-a-lion,0.7298,true,"Potentially defensible if this distinction remains central: a lion chasing you in the dark May reflect uncertainty, hidden fears, anxiety, or concerns about the unknown.",Generic interpretation,Excessive repetition; Likely duplicate intent,,961,5,5,5
being-kidnapped,Being Kidnapped,Anxiety and fear,,3,2,2,1,3,2,2,3,3,0,3,2,26,P2,Passes,"Dreams about being kidnapped often reflect loss of control, feeling trapped, external pressure, manipulation, fear of losing independence, unwanted responsibilities, or situations that seem to be pulling your life in a direction you did not choose.","being kidnapped by a stranger Often reflects uncertainty, fear of the unknown, major life changes, or external circumstances that feel unpredictable.",Partially,"Useful material is present, but some reasoning still resembles a broad dictionary treatment.",being-possessed,0.2639,false,The closest neighbor does not currently erase this page's independent intent.,Weak reflection questions,,,1119,0,5,5
snake-in-the-house,Snake in the house,Animals and creatures,,3,3,3,1,0,2,2,3,3,2,3,2,27,P2,Passes,"a threatening snake in the house May reflect fear, tension, trust issues, emotional pressure, or situations that feel intrusive.","removing the snake from the house Often symbolizes resolving a concern, establishing boundaries, gaining clarity, or confronting a problem directly.",Partially,"Useful material is present, but some reasoning still resembles a broad dictionary treatment.",snake,0.6805,true,"Potentially defensible if this distinction remains central: removing the snake from the house Often symbolizes resolving a concern, establishing boundaries, gaining clarity, or confronting a problem directly.",Generic interpretation,Excessive repetition; Likely duplicate intent,,1000,5,5,5
black-snake,Black snake,Animals and creatures,,3,3,3,2,0,2,2,3,2,2,3,2,27,P2,Passes,"a calm black snake Often symbolizes intuition, hidden wisdom, emotional depth, healing, or transformation unfolding peacefully.",Calm transformation Someone accepting a difficult transition might dream of a motionless black snake shedding its skin.,Partially,"Useful material is present, but some reasoning still resembles a broad dictionary treatment.",snake,0.6085,true,Potentially defensible if this distinction remains central: Calm transformation Someone accepting a difficult transition might dream of a motionless black snake shedding its skin.,Generic interpretation,Excessive repetition; Likely duplicate intent,,1163,5,5,5
giant-snake,Giant snake,Animals and creatures,,3,3,3,1,0,2,2,3,3,2,3,2,27,P2,Passes,"Dreams about a giant snake often reflect overwhelming emotions, powerful transformation, major fears, significant life changes, hidden influences, personal growth, emotional intensity, or situations that feel larger, more important, or more impactful than usual.","A distant giant snake differs from one filling a room, and calm observation differs from attack.",Partially,"Useful material is present, but some reasoning still resembles a broad dictionary treatment.",snake,0.5884,true,"Potentially defensible if this distinction remains central: A distant giant snake differs from one filling a room, and calm observation differs from attack.",Generic interpretation,Excessive repetition,,1114,5,5,5
friendly-snake,Friendly snake,Animals and creatures,,3,3,3,2,0,2,2,2,2,2,3,2,26,P2,Passes,"Dreams about a friendly snake often reflect healing, transformation, wisdom, intuition, personal growth, emotional acceptance, hidden potential, trust, or learning to become comfortable with something that once felt frightening or misunderstood.","Symbolically, a friendly snake often represents transformation that no longer needs to be feared.",Partially,"Useful material is present, but some reasoning still resembles a broad dictionary treatment.",snake,0.6665,true,"Potentially defensible if this distinction remains central: Symbolically, a friendly snake often represents transformation that no longer needs to be feared.",Generic interpretation,Excessive repetition; Likely duplicate intent,,926,5,5,5
snake-wrapping-around-you,Snake wrapping around you,Animals and creatures,,3,3,3,2,0,2,2,3,3,2,3,2,28,P3,Passes,"Dreams about a snake wrapping around you often reflect powerful emotions, transformation, vulnerability, pressure, attachment, healing, control, fear, intuition, or situations that feel deeply connected to your life and difficult to ignore.","Why recurring dreams happen Recurring dreams about snakes wrapping around you may suggest ongoing transformation, emotional attachment, unresolved fears, powerful relationships, or situations that continue demanding attention.",Partially,"Useful material is present, but some reasoning still resembles a broad dictionary treatment.",snake,0.6051,true,"Potentially defensible if this distinction remains central: Why recurring dreams happen Recurring dreams about snakes wrapping around you may suggest ongoing transformation, emotional attachment, unresolved fears, powerful relationships, or situations that continue demanding attention.",Generic interpretation,Excessive repetition; Likely duplicate intent,,1105,5,5,5
cobra,Seeing a cobra,Transformation and life transitions,,3,3,2,1,3,2,2,3,3,2,3,2,29,P3,Passes,"Dreams about seeing a cobra often reflect power, fear, awareness, hidden threats, protection, transformation, personal authority, intuition, emotional intensity, or situations that demand respect, caution, and attention.","Unlike many threatening symbols, the cobra often represents something that is powerful rather than purely harmful.",Partially,"Useful material is present, but some reasoning still resembles a broad dictionary treatment.",seeing-many-snakes,0.2015,false,The closest neighbor does not currently erase this page's independent intent.,Poor conditional scenarios,,,910,5,5,5
running,Running,Anxiety and fear,,3,2,2,1,1,2,2,3,3,0,3,2,24,P2,Passes,"running toward something May symbolize ambition, opportunity, goals, hope, or determination to achieve something meaningful.","Whether that movement is driven by hope, fear, ambition, or necessity depends on the details of the dream.",Partially,"Useful material is present, but some reasoning still resembles a broad dictionary treatment.",running-slowly,0.4956,true,"Potentially defensible if this distinction remains central: Whether that movement is driven by hope, fear, ambition, or necessity depends on the details of the dream.",Weak reflection questions,,,1049,0,4,4
running-but-cant-move-fast,Running but can't move fast,Anxiety and fear,,3,3,2,1,0,1,2,3,3,0,3,2,23,P1,Passes,"Dreams about running but being unable to move fast often reflect frustration, feeling stuck, self-doubt, lack of control, emotional pressure, obstacles, anxiety, or the feeling that your effort is not producing the progress you expected.","watching others move faster Often reflects comparison, insecurity, fear of falling behind, or concerns about personal progress.",Mostly yes,"The page needs a more dream-specific distinction, conditional scenario, or reflection that could not be reused broadly.",running-slowly,0.6285,true,"Potentially defensible if this distinction remains central: watching others move faster Often reflects comparison, insecurity, fear of falling behind, or concerns about personal progress.",Generic interpretation,Weak reflection questions; Excessive repetition,,1115,0,5,5
being-in-the-ocean,Being in the ocean,Water,,3,3,2,2,0,2,2,3,2,3,3,2,27,P2,Passes,Why healing often appears as ocean dreams Healing requires engaging with emotions rather than avoiding them.,Why calm and rough oceans mean different things The emotional atmosphere often reflects the dreamer's relationship with their feelings.,Partially,"Useful material is present, but some reasoning still resembles a broad dictionary treatment.",ocean,0.771,true,Potentially defensible if this distinction remains central: Why calm and rough oceans mean different things The emotional atmosphere often reflects the dreamer's relationship with their feelings.,Generic interpretation,Excessive repetition; Likely duplicate intent,,924,4,4,4
being-shot,Being shot,Anxiety and fear,,3,3,2,2,3,1,2,3,3,0,3,3,28,P3,Passes,"being shot by a stranger Often reflects unexpected stress, anxiety, fear of the unknown, or situations that feel emotionally threatening.","Being shot in the head may reflect mental stress, harsh realizations, or damaging thoughts.",Partially,"Useful material is present, but some reasoning still resembles a broad dictionary treatment.",getting-bitten-by-a-snake,0.2444,false,The closest neighbor does not currently erase this page's independent intent.,Weak reflection questions,,,1080,0,6,6
waves,Seeing waves,Water,,3,2,2,1,3,2,2,2,3,2,3,2,27,P2,Passes,"Particularly when the waves appear powerful, dangerous, or impossible to escape.","Why waves symbolize emotions Waves naturally rise, fall, and change, making them powerful symbols for emotional experiences and psychological states.",Partially,"Useful material is present, but some reasoning still resembles a broad dictionary treatment.",seeing-your-body-while-you-are-asleep,0.1981,false,The closest neighbor does not currently erase this page's independent intent.,Poor conditional scenarios,,,891,5,5,5
swimming-at-a-beach-or-in-a-pool,Swimming at a Beach or in a Pool,Water,,3,3,2,1,2,1,2,3,3,0,3,2,25,P2,Passes,"Dreams about swimming at a beach or in a pool often reflect emotional navigation, personal growth, confidence, healing, self-awareness, and your ability to manage emotions in either familiar or unpredictable situations.","Swimming in a pool often symbolizes emotional situations that feel structured, familiar, predictable, or easier to understand.",Partially,"Useful material is present, but some reasoning still resembles a broad dictionary treatment.",falling-or-swimming-in-dirty-water,0.4101,false,The closest neighbor does not currently erase this page's independent intent.,Weak reflection questions,,,1092,0,5,5
fighting-a-demon,Fighting a Demon,Spiritual dreams,,3,2,2,1,3,2,2,2,2,2,2,2,25,P2,Passes,"Resistance and agency Fighting can represent active resistance to fear, compulsion, shame, or harmful influence.",fighting and resisting the demon Often feels intense but determined.,Partially,"Useful material is present, but some reasoning still resembles a broad dictionary treatment.",demonic-attack,0.3214,false,The closest neighbor does not currently erase this page's independent intent.,Poor conditional scenarios,,,606,4,2,2
fighting-an-angel,Fighting an Angel,Biblical dreams,KEEP,3,3,2,1,2,2,1,3,1,2,3,2,25,P2,Passes,fighting a calm angel Often feels tense but controlled.,"What the angel wanted, what you were protecting, whether the figure attacked or guided, and how the encounter ended distinguish conscience, authority conflict, spiritual longing, and fear.",Partially,"Useful material is present, but some reasoning still resembles a broad dictionary treatment.",angels,0.4132,false,The closest neighbor does not currently erase this page's independent intent.,Insufficient symbolic context,No practical connection; Poor conditional scenarios,,586,5,3,3
ocean,Ocean,Water,,3,2,2,1,0,2,2,3,2,2,3,2,24,P1,Passes,Awe combines attraction with humility: the ocean can feel beautiful precisely because it exceeds personal control.,The ocean frequently appears when something within you is asking to be explored rather than avoided.,Mostly yes,"The page needs a more dream-specific distinction, conditional scenario, or reflection that could not be reused broadly.",being-in-the-ocean,0.771,true,Potentially defensible if this distinction remains central: The ocean frequently appears when something within you is asking to be explored rather than avoided.,Generic interpretation,Excessive repetition; Likely duplicate intent,,659,4,6,6
drowning,Drowning,Water,,2,3,2,0,3,2,2,3,3,0,3,2,25,P2,Passes,"The difference between panic drowning and calm drowning Panicked drowning dreams often reflect resistance, fear, anxiety, or the feeling that life has become too difficult to control.","Drowning dreams often connect to waking life situations involving emotional overwhelm, stress, burnout, anxiety, grief, emotional exhaustion, pressure, responsibilities, unresolved emotions, or situations that feel emotionally impossible to keep managing comfortably.",Partially,"Useful material is present, but some reasoning still resembles a broad dictionary treatment.",losing-control,0.3094,false,The closest neighbor does not currently erase this page's independent intent.,Weak reflection questions,Poor conditional scenarios,,1048,0,4,4
endless-stairs,Endless Stairs,Transformation and life transitions,,3,3,3,2,0,2,2,3,2,0,3,2,25,P2,Passes,Why endless stairs often appear during long-term goals The subconscious frequently uses endless staircases to represent goals that require years of effort rather than immediate results.,"falling while climbing endless stairs Often reflects fear of setbacks, losing progress, self-doubt, or concerns about failing after investing significant effort.",Partially,"Useful material is present, but some reasoning still resembles a broad dictionary treatment.",climbing-stairs,0.6246,true,"Potentially defensible if this distinction remains central: falling while climbing endless stairs Often reflects fear of setbacks, losing progress, self-doubt, or concerns about failing after investing significant effort.",Generic interpretation,Weak reflection questions; Excessive repetition,,1075,0,4,4
being-underwater-but-calm,Being Underwater but Calm,Water,,3,3,3,1,0,1,2,3,3,0,3,2,24,P2,Passes,"Being underwater but calm in a dream often reflects emotional acceptance, inner peace, emotional resilience, healing, or the ability to remain composed while experiencing feelings that would once have felt overwhelming.",Why calm underwater dreams feel so unusual Most people associate being underwater with danger.,Partially,"Useful material is present, but some reasoning still resembles a broad dictionary treatment.",breathing-underwater,0.668,true,Potentially defensible if this distinction remains central: Why calm underwater dreams feel so unusual Most people associate being underwater with danger.,Generic interpretation,Weak reflection questions; Excessive repetition,,1098,0,4,4
falling-or-swimming-in-dirty-water,Falling or swimming in dirty water,Water,,3,3,3,2,0,1,2,3,3,0,3,2,25,P2,Passes,"Dreams about falling or swimming in dirty water often reflect emotional confusion, stress, unresolved problems, emotional overwhelm, uncertainty, or situations that feel difficult to understand clearly.","Someone dealing with workplace stress may dream of swimming through dirty water while trying to manage responsibilities, politics, or unclear expectations.",Partially,"Useful material is present, but some reasoning still resembles a broad dictionary treatment.",dirty-water,0.6469,true,"Potentially defensible if this distinction remains central: Someone dealing with workplace stress may dream of swimming through dirty water while trying to manage responsibilities, politics, or unclear expectations.",Generic interpretation,Weak reflection questions; Excessive repetition,,1066,0,4,4
getting-married-to-a-stranger,Getting Married to a Stranger,Transformation and life transitions,,3,3,2,1,0,2,2,3,2,0,3,2,23,P1,Passes,This may happen because the stranger represents an aspect of themselves rather than a separate individual.,"happily marrying a stranger Often reflects acceptance of change, openness to new opportunities, and comfort with uncertainty.",Mostly yes,"The page needs a more dream-specific distinction, conditional scenario, or reflection that could not be reused broadly.",marrying-a-stranger,0.5828,true,"Potentially defensible if this distinction remains central: happily marrying a stranger Often reflects acceptance of change, openness to new opportunities, and comfort with uncertainty.",Generic interpretation,Weak reflection questions; Excessive repetition,,1082,0,3,3
person-changing-into-an-animal,Person Changing into an Animal,Animals and creatures,,3,3,3,1,2,2,2,3,2,0,3,2,26,P2,Passes,"Dreams about a person changing into an animal often reflect hidden instincts, personality changes, emotional transformation, shifting behavior, suppressed desires, fears, or qualities that are becoming more visible in yourself or someone else.","yourself changing into an animal Often symbolizes personal transformation, emerging instincts, identity changes, or hidden aspects of yourself becoming visible.",Partially,"Useful material is present, but some reasoning still resembles a broad dictionary treatment.",animal-attack,0.4369,false,The closest neighbor does not currently erase this page's independent intent.,Weak reflection questions,,,1096,0,5,5
marrying-someone-you-know,Marrying someone you know,Transformation and life transitions,,3,3,3,1,1,2,2,3,3,0,3,2,26,P2,Passes,"Dreams about marrying someone you know often reflect commitment, emotional connection, admiration, personal growth, shared qualities, changing relationships, or important aspects of yourself that the person represents.","marrying someone you dislike May symbolize confronting difficult emotions, accepting uncomfortable truths, or integrating qualities you usually reject.",Partially,"Useful material is present, but some reasoning still resembles a broad dictionary treatment.",marrying-an-ex,0.5229,false,The closest neighbor does not currently erase this page's independent intent.,Weak reflection questions,,,1031,0,3,3
marrying-an-ex,Marrying an Ex,Transformation and life transitions,,3,2,2,2,1,2,2,3,3,0,3,2,25,P2,Passes,"crying while marrying an ex Often reflects grief, emotional release, healing, regret, or acknowledgment of what was lost.","happily marrying an ex Often reflects acceptance, emotional healing, gratitude for lessons learned, or peace with the past.",Partially,"Useful material is present, but some reasoning still resembles a broad dictionary treatment.",marrying-someone-you-know,0.5229,false,The closest neighbor does not currently erase this page's independent intent.,Weak reflection questions,,,1165,0,3,3
being-naked-in-public,Being naked in public,Body-related dreams,,2,3,2,2,3,2,3,3,3,0,3,3,29,P3,Passes,"Dreams about being naked in public often reflect vulnerability, fear of judgment, exposure, insecurity, authenticity, self-consciousness, or concerns about how others perceive you.",Someone preparing for a presentation may dream of being naked in public before speaking.,Clearly no,The page contains identifiable contextual reasoning beyond a broad symbol definition.,public-speaking,0.2617,false,The closest neighbor does not currently erase this page's independent intent.,Weak reflection questions,,,1031,0,5,5
forced-marriage,Forced marriage,Relationships,,3,3,3,2,2,2,2,3,3,0,3,2,28,P3,Passes,"Dreams about being forced into marriage often reflect pressure, loss of control, unwanted commitments, emotional obligations, fear of being trapped, external expectations, or major life decisions that feel imposed rather than chosen.","crying during a forced marriage May symbolize grief, emotional exhaustion, helplessness, or feeling unable to express your true desires.",Partially,"Useful material is present, but some reasoning still resembles a broad dictionary treatment.",marriage,0.4059,false,The closest neighbor does not currently erase this page's independent intent.,Weak reflection questions,,,1060,0,5,5
marriage,Marriage or Wedding,Relationships,,3,3,2,2,1,2,2,3,3,2,3,2,28,P3,Passes,"Marriage or wedding dreams concern commitment, public choice, pressure, and what follows a promise.","a chaotic wedding May symbolize anxiety, uncertainty, pressure, or fears surrounding major life decisions.",Partially,"Useful material is present, but some reasoning still resembles a broad dictionary treatment.",wedding-day-drama,0.5751,true,"Potentially defensible if this distinction remains central: a chaotic wedding May symbolize anxiety, uncertainty, pressure, or fears surrounding major life decisions.",Generic interpretation,Excessive repetition; Likely duplicate intent,,1034,4,5,5
saying-no,Saying no,Relationships,KEEP,3,2,2,2,1,2,2,2,3,2,3,2,26,P2,Passes,"If saying no feels cruel or impossible, the dream may be exploring conflict avoidance rather than revealing the correct answer.","saying no to a job offer May symbolize reevaluating priorities, personal values, freedom, or choosing a different path.",Partially,"Useful material is present, but some reasoning still resembles a broad dictionary treatment.",saying-no-at-a-wedding,0.5211,true,"Potentially defensible if this distinction remains central: saying no to a job offer May symbolize reevaluating priorities, personal values, freedom, or choosing a different path.",Generic interpretation,Excessive repetition; Likely duplicate intent,,929,5,4,4
losing-control,Losing control,Anxiety and fear,,3,3,3,1,1,2,3,3,3,0,3,2,27,P2,Passes,"Dreams about losing control often reflect anxiety, emotional overwhelm, instability, fear of failure, or situations that feel increasingly difficult to manage emotionally or mentally.","Symbolically, losing control often represents instability, emotional overwhelm, uncertainty, vulnerability, pressure, emotional imbalance, fear of failure, or the collapse of emotional structures that once felt dependable.",Partially,"Useful material is present, but some reasoning still resembles a broad dictionary treatment.",being-trapped,0.4756,false,The closest neighbor does not currently erase this page's independent intent.,Weak reflection questions,,,697,0,4,4
being-trapped,Being trapped,Anxiety and fear,,3,3,2,1,1,2,2,3,3,2,3,2,27,P2,Passes,"trapped in a house or building May reflect emotional restriction connected to relationships, environments, responsibilities, or situations that no longer feel emotionally comfortable or freeing.","Feeling mentally trapped by overthinking, insecurity, guilt, fear, emotional suppression, or emotional patterns that continue repeating internally.",Partially,"Useful material is present, but some reasoning still resembles a broad dictionary treatment.",losing-control,0.4756,false,The closest neighbor does not currently erase this page's independent intent.,Generic interpretation,Poor conditional scenarios; Excessive repetition,,1075,4,4,4
saying-yes-when-you-dont-want-to,Saying yes when you don't want to,Relationships,,3,3,3,2,1,2,2,3,3,0,3,2,27,P2,Passes,"Dreams about saying yes when you don't want to often reflect people-pleasing, difficulty setting boundaries, fear of disappointing others, inner conflict, pressure, guilt, obligation, or situations where your true feelings are being ignored in favor of keeping peace or meeting expectations.","saying yes to a job you don't want May symbolize obligation, financial pressure, responsibility, or feeling trapped by expectations.",Partially,"Useful material is present, but some reasoning still resembles a broad dictionary treatment.",saying-no-at-a-wedding,0.5485,true,"Potentially defensible if this distinction remains central: saying yes to a job you don't want May symbolize obligation, financial pressure, responsibility, or feeling trapped by expectations.",Weak reflection questions,,,1103,0,5,5
wedding-day-drama,Wedding day drama,Relationships,,3,3,3,2,1,2,3,3,2,0,3,2,27,P2,Passes,"Dreams about wedding day drama often reflect anxiety about important commitments, fear of things going wrong, relationship uncertainty, pressure from expectations, life transitions, or worries about whether everything will come together the way you hoped.","What psychologists might see in this dream From a psychological perspective, wedding day drama dreams often reflect anxiety, perfectionism, fear of failure, uncertainty, social pressure, and concerns about major life transitions.",Partially,"Useful material is present, but some reasoning still resembles a broad dictionary treatment.",marriage,0.5751,true,"Potentially defensible if this distinction remains central: What psychologists might see in this dream From a psychological perspective, wedding day drama dreams often reflect anxiety, perfectionism, fear of failure, uncertainty, social pressure, and concerns about major life transitions.",Weak reflection questions,,,1162,0,5,5
escaping-danger,Escaping danger,Transformation and life transitions,,3,3,3,1,0,2,2,2,3,2,3,2,26,P2,Passes,"Dreams about escaping danger often reflect survival instincts, resilience, avoidance, fear, self-protection, emotional pressure, overcoming challenges, personal strength, or situations in your life that feel threatening, overwhelming, or difficult to confront directly.",The key distinction is whether danger requires distance or fear continues after safety is reached.,Partially,"Useful material is present, but some reasoning still resembles a broad dictionary treatment.",escaping-something,0.6185,true,Potentially defensible if this distinction remains central: The key distinction is whether danger requires distance or fear continues after safety is reached.,Generic interpretation,Excessive repetition; Likely duplicate intent,,994,5,5,5
confrontation-argument,Confrontation or Argument,Family,,3,2,2,1,2,2,2,3,3,0,3,2,25,P2,Passes,"Dreams about confrontation or arguments often reflect unresolved tension, suppressed emotions, inner conflict, frustration, communication problems, boundary issues, relationship stress, or feelings that have become difficult to keep hidden.","trying to argue but unable to speak May symbolize suppressed emotions, fear of confrontation, communication difficulties, or feeling unheard.",Partially,"Useful material is present, but some reasoning still resembles a broad dictionary treatment.",arguing-with-your-ex,0.3985,false,The closest neighbor does not currently erase this page's independent intent.,Weak reflection questions,,,1056,0,5,5
being-unable-to-speak,Being Unable to Speak,Anxiety and fear,,3,3,2,0,1,2,2,3,3,0,3,2,24,P1,Passes,"Dreams about being unable to speak often reflect feeling unheard, suppressed emotions, fear of expressing yourself, powerlessness, anxiety, communication difficulties, self-doubt, or situations where your voice feels blocked, ignored, or unavailable when you need it most.","trying to scream but no sound comes out Often reflects fear, helplessness, emotional overwhelm, or feeling unable to get attention when it is needed most.",Mostly yes,"The page needs a more dream-specific distinction, conditional scenario, or reflection that could not be reused broadly.",being-unable-to-scream,0.5272,false,The closest neighbor does not currently erase this page's independent intent.,Weak reflection questions,Poor conditional scenarios,,1118,0,5,5
seeing-a-spirit-on-your-bed,Seeing a Spirit on Your Bed,Anxiety and fear,,3,3,3,1,2,2,2,3,2,0,3,2,26,P2,Passes,"Dreams about seeing a spirit on your bed often reflect vulnerability, fear, anxiety, sleep paralysis experiences, hidden emotions, spiritual concerns, unresolved fears, or the feeling that something unseen is affecting your emotional sense of safety and peace.","being unable to move while seeing a spirit Often connects strongly with sleep paralysis experiences, fear, helplessness, vulnerability, or emotional overwhelm.",Partially,"Useful material is present, but some reasoning still resembles a broad dictionary treatment.",feeling-someone-watching-you-while-you-sleep,0.4447,false,The closest neighbor does not currently erase this page's independent intent.,Weak reflection questions,,,1083,0,5,5
feeling-someone-watching-you-while-you-sleep,Feeling Someone Watching You While You Sleep,Anxiety and fear,,3,3,3,1,1,1,2,3,2,0,3,2,24,P2,Passes,"Dreams about feeling someone watching you while you sleep often reflect vulnerability, anxiety, hyperawareness, fear of judgment, emotional insecurity, unresolved fears, loss of privacy, or the feeling that something unseen is demanding your attention.","being unable to move while feeling watched Frequently connects to sleep paralysis experiences, helplessness, fear, vulnerability, or heightened anxiety.",Partially,"Useful material is present, but some reasoning still resembles a broad dictionary treatment.",being-watched,0.4638,false,The closest neighbor does not currently erase this page's independent intent.,Weak reflection questions,,,1020,0,6,6
seeing-your-body-while-you-are-asleep,Seeing Your Body While You Are Asleep,Body-related dreams,,3,3,3,1,2,2,2,3,2,0,3,3,27,P2,Passes,"Dreams about seeing your own body while you are asleep often reflect self-awareness, identity shifts, emotional detachment, life transitions, spiritual curiosity, perspective changes, or the feeling of observing yourself from outside your normal daily experience.","feeling frightened while seeing your body May reflect uncertainty, fear of change, loss of control, identity questions, or anxiety about the unknown.",Partially,"Useful material is present, but some reasoning still resembles a broad dictionary treatment.",different-reflection-in-the-mirror,0.3882,false,The closest neighbor does not currently erase this page's independent intent.,Weak reflection questions,,,1090,0,6,6
breathing-underwater,Breathing Underwater,Water,,3,3,3,1,0,1,3,3,2,0,3,2,24,P2,Passes,"breathing underwater in dark water May symbolize learning to function despite uncertainty, fear, or emotional complexity.",Someone entering a demanding career may dream of breathing underwater because they are adapting to responsibilities that once felt intimidating.,Partially,"Useful material is present, but some reasoning still resembles a broad dictionary treatment.",being-underwater-but-calm,0.668,true,Potentially defensible if this distinction remains central: Someone entering a demanding career may dream of breathing underwater because they are adapting to responsibilities that once felt intimidating.,Generic interpretation,Weak reflection questions; Excessive repetition,,1009,0,6,6
lucid-dreaming,Lucid Dreaming,Spiritual dreams,,3,2,2,1,3,1,2,3,3,0,3,3,26,P2,Passes,"flying during a lucid dream Often symbolizes freedom, possibility, confidence, exploration, and release from limitations.",Creative individuals often report lucid dreams during periods of inspiration because imagination and curiosity are highly active.,Partially,"Useful material is present, but some reasoning still resembles a broad dictionary treatment.",seeing-your-body-while-you-are-asleep,0.2132,false,The closest neighbor does not currently erase this page's independent intent.,Weak reflection questions,,,990,0,6,6
ex-texting-you,Ex Texting You,Relationships,KEEP,3,2,3,2,2,2,3,3,2,2,3,2,29,P3,Passes,A dream about an ex texting you centers an unexpected message and your response.,"If you dream of an ex texting you, the emotional distance matters: the message can hold curiosity, anxiety, or hope while letting you rehearse a boundary rather than bring the full relationship back into the room.",Clearly no,The page contains identifiable contextual reasoning beyond a broad symbol definition.,failure-to-call-or-communicate,0.3422,false,The closest neighbor does not currently erase this page's independent intent.,Generic interpretation,Insufficient emotional context; No practical connection,,713,4,4,4
arguing-with-your-ex,Arguing with your ex,Relationships,,3,2,2,2,2,2,2,2,2,2,3,2,26,P2,Passes,"Arguing with an ex often focuses on the point you were still trying to make—being heard, defending yourself, naming harm, or refusing blame—rather than a prediction about reunion.","Sadness beneath the argument may reveal grief over what could not be repaired, while fear can return when the former conflict involved rejection, intimidation, or instability.",Partially,"Useful material is present, but some reasoning still resembles a broad dictionary treatment.",confrontation-argument,0.3985,false,The closest neighbor does not currently erase this page's independent intent.,Generic interpretation,Insufficient emotional context; Insufficient symbolic context,,891,4,4,4
cheating-on-your-partner,Cheating on your partner,Relationships,KEEP,3,3,2,2,0,2,1,1,1,2,2,2,21,P1,Passes,"A partner discovering the cheating often symbolizes emotional vulnerability, accountability, hidden emotions surfacing, or fear of emotional consequences.","being caught cheating Can reflect fear of exposure, guilt, insecurity, emotional vulnerability, or anxiety surrounding honesty and emotional consequences.",Mostly yes,"The page needs a more dream-specific distinction, conditional scenario, or reflection that could not be reused broadly.",partner-cheating-on-you,0.6616,true,"Potentially defensible if this distinction remains central: being caught cheating Can reflect fear of exposure, guilt, insecurity, emotional vulnerability, or anxiety surrounding honesty and emotional consequences.",Generic interpretation,Excessive repetition; Likely duplicate intent,,653,5,2,2
intimacy-with-strange-creature,Intimacy with a strange creature,Transformation and life transitions,KEEP,3,3,3,2,2,2,1,1,1,2,3,2,25,P2,Passes,"Intimacy with a strange creature in a dream can explore closeness to an unfamiliar feeling, instinct, or identity.",Tenderness may suggest acceptance of a neglected quality; fear or disgust may mark a boundary; curiosity can signal exploration; shame may reflect social judgment rather than the creature itself.,Partially,"Useful material is present, but some reasoning still resembles a broad dictionary treatment.",intimacy-with-an-animal,0.3941,false,The closest neighbor does not currently erase this page's independent intent.,Insufficient symbolic context,Weak spiritual/biblical interpretation; No practical connection,,610,5,3,3
partner-cheating-on-you,Your partner cheating on you,Relationships,,3,3,3,2,0,1,2,3,3,0,3,2,25,P2,Passes,"catching your partner cheating Often reflects emotional shock, insecurity, fear of betrayal, emotional vulnerability, or anxiety surrounding emotional trust and stability.","Symbolically, a partner cheating in a dream often represents insecurity, emotional vulnerability, fear of abandonment, emotional comparison, emotional distance, trust issues, or emotional uncertainty surrounding connection and emotional safety.",Partially,"Useful material is present, but some reasoning still resembles a broad dictionary treatment.",cheating-on-your-partner,0.6616,true,"Potentially defensible if this distinction remains central: Symbolically, a partner cheating in a dream often represents insecurity, emotional vulnerability, fear of abandonment, emotional comparison, emotional distance, trust issues, or emotional uncertainty surrounding connection and emotional safety.",Generic interpretation,Weak reflection questions; Excessive repetition,,1369,0,4,4
falling,Falling,Anxiety and fear,,3,2,2,2,1,2,2,3,3,2,3,2,27,P2,Passes,"A child falling May reflect protectiveness, fear of failure, anxiety about responsibility, or concern for someone's future.","Falling but surviving Often reflects resilience, hope, emotional recovery, and realizing you are stronger than your fears suggested.",Partially,"Useful material is present, but some reasoning still resembles a broad dictionary treatment.",flying-then-falling,0.497,false,The closest neighbor does not currently erase this page's independent intent.,Generic interpretation,Excessive repetition; Likely duplicate intent,,2107,4,7,7
famine,Famine,Transformation and life transitions,KEEP,3,3,2,2,3,2,1,1,1,2,2,2,24,P2,Passes,"dying from famine Often symbolizes extreme emotional depletion, hopelessness, burnout, or fear of losing something essential.","What was scarce, who was affected, whether help existed, and how you responded distinguish personal depletion from collective fear or moral concern.",Partially,"Useful material is present, but some reasoning still resembles a broad dictionary treatment.",eating-food,0.2392,false,The closest neighbor does not currently erase this page's independent intent.,Insufficient symbolic context,Weak spiritual/biblical interpretation; No practical connection,,601,5,2,2
being-in-labour,Being in labour,Transformation and life transitions,KEEP,3,2,2,2,3,2,1,1,1,2,3,2,24,P2,Passes,"Why labour symbolizes creation Labour represents the process of bringing something new into existence, making it a powerful symbol of growth and transformation.",Fear can concern pain or loss of control; determination may show readiness to continue; anger can arise when support is absent; relief between contractions differs from relief after the process ends.,Partially,"Useful material is present, but some reasoning still resembles a broad dictionary treatment.",giving-birth,0.2721,false,The closest neighbor does not currently erase this page's independent intent.,Insufficient symbolic context,Weak spiritual/biblical interpretation; No practical connection,,536,5,3,3
working-on-a-farm,Working on a farm,Transformation and life transitions,IMPROVE,3,3,2,1,3,1,2,2,3,0,3,2,25,P2,Passes,"working with others on a farm Often symbolizes teamwork, community support, shared goals, and collective effort.","working on a large healthy farm May symbolize growth, opportunity, abundance, productivity, and positive progress.",Partially,"Useful material is present, but some reasoning still resembles a broad dictionary treatment.",harvesting,0.2577,false,The closest neighbor does not currently erase this page's independent intent.,Weak reflection questions,,,917,0,5,5
traveling-to-your-dream-destination,Traveling to your dream destination,Transformation and life transitions,,3,3,2,1,1,2,2,3,2,0,3,2,24,P2,Passes,"Dreams about traveling to your dream destination often reflect hope, personal goals, future possibilities, fulfillment, ambition, freedom, life direction, or the feeling that something you deeply desire may finally be moving closer.","Why dream destinations feel so meaningful Dream destinations often become emotional symbols because people attach hopes, goals, freedom, happiness, and future possibilities to specific places.",Partially,"Useful material is present, but some reasoning still resembles a broad dictionary treatment.",travel,0.4638,false,The closest neighbor does not currently erase this page's independent intent.,Weak reflection questions,,,1043,0,6,6
being-late,Being late,Transformation and life transitions,,3,2,2,1,1,2,2,2,2,2,3,2,24,P2,Passes,"Dreams about being late often reflect pressure, anxiety, missed opportunities, fear of failure, time-related stress, self-expectations, uncertainty, procrastination, or concerns about meeting responsibilities and important life goals.","What you were late for identifies the pressure involved: work can reflect performance, a wedding commitment, and transport a feared missed opportunity.",Partially,"Useful material is present, but some reasoning still resembles a broad dictionary treatment.",being-late-for-class,0.4836,false,The closest neighbor does not currently erase this page's independent intent.,Generic interpretation,Poor conditional scenarios; Excessive repetition,,1053,5,5,5
losing-your-language,Losing Your Language,Anxiety and fear,,3,3,3,1,3,1,2,2,2,2,3,2,27,P2,Passes,"Dreams of losing your language often feel frustrating and disorienting — like you know exactly what you want to say, but can’t make it understood.","Losing it can represent fear of becoming unrecognizable to a community, while unexpectedly using another language can reflect adaptation or a self that emerges in a different setting.",Partially,"Useful material is present, but some reasoning still resembles a broad dictionary treatment.",being-unable-to-speak,0.2932,false,The closest neighbor does not currently erase this page's independent intent.,Insufficient emotional context,Poor conditional scenarios,,769,5,3,3
missing-a-flight,Missing a Flight,Travel and transportation,,2,3,2,1,2,1,2,2,2,2,3,2,24,P2,Passes,"Relief after missing the flight can be equally revealing, suggesting ambivalence about a transition the waking mind believes it ought to want.","Notice whether lateness, missing documents, security delays, or indecision caused the missed flight.",Partially,"Useful material is present, but some reasoning still resembles a broad dictionary treatment.",missing-an-opportunity,0.4556,false,The closest neighbor does not currently erase this page's independent intent.,Insufficient emotional context,Poor conditional scenarios,,836,5,3,3
running-away,Running away,Anxiety and fear,KEEP,3,3,3,2,1,3,1,2,1,2,3,2,26,P2,Passes,"running away from danger May reflect stress, emotional overwhelm, fear, or situations that feel emotionally threatening or emotionally unsafe.","running away from an unknown figure Can reflect anxiety, uncertainty, hidden emotional tension, or fear connected to emotions or situations you do not fully understand yet.",Partially,"Useful material is present, but some reasoning still resembles a broad dictionary treatment.",running,0.4773,true,"Potentially defensible if this distinction remains central: running away from an unknown figure Can reflect anxiety, uncertainty, hidden emotional tension, or fear connected to emotions or situations you do not fully understand yet.",Generic interpretation,Insufficient symbolic context; No practical connection,,711,5,4,4
hiding-from-someone,Hiding from someone,Transformation and life transitions,,3,3,3,1,2,2,2,2,3,2,3,2,28,P3,Passes,Hiding from an aggressor can represent prudent safety; hiding from a friend may involve shame or avoided conflict; hiding successfully may feel protective rather than cowardly.,"Why recurring dreams happen Recurring dreams about hiding from someone may suggest ongoing anxiety, unresolved conflicts, avoidance patterns, fear of judgment, or emotional pressures that continue demanding attention.",Partially,"Useful material is present, but some reasoning still resembles a broad dictionary treatment.",escaping-danger,0.3938,false,The closest neighbor does not currently erase this page's independent intent.,Poor conditional scenarios,,,1045,5,5,5
failing-an-exam,Failing an exam,Anxiety and fear,,3,3,2,1,1,1,2,3,3,2,3,2,26,P2,Passes,"Dreams about failing an exam often reflect pressure, self-doubt, fear of failure, anxiety, or the feeling that you are being evaluated, judged, or unable to meet expectations.","Symbolically, failing an exam often represents self-evaluation, emotional pressure, fear of judgment, insecurity, perfectionism, expectations, or situations where your abilities or sense of worth feel emotionally tested.",Partially,"Useful material is present, but some reasoning still resembles a broad dictionary treatment.",being-unprepared,0.5168,false,The closest neighbor does not currently erase this page's independent intent.,Generic interpretation,Insufficient emotional context; Poor conditional scenarios,,1059,4,5,5
going-back-to-school,Going back to school,Houses and places,,3,3,3,1,2,2,2,3,3,0,3,2,27,P2,Passes,"Dreams about going back to school often reflect self-evaluation, pressure, unresolved patterns, growth, insecurity, or situations that make you feel tested, unprepared, or uncertain again.","Dreams about going back to school often connect to waking life situations involving pressure, expectations, self-doubt, growth, comparison, insecurity, learning experiences, transitions, work stress, or situations where you feel tested or uncertain again.",Partially,"Useful material is present, but some reasoning still resembles a broad dictionary treatment.",being-unprepared,0.4035,false,The closest neighbor does not currently erase this page's independent intent.,Weak reflection questions,,,1124,0,4,4
church,Church,Houses and places,,3,2,2,2,3,2,2,3,2,2,3,2,28,P3,Passes,"Peace may reflect belonging or remembered safety; discomfort may concern scrutiny, unresolved religious harm, or conflict with authority.","A church often symbolizes beliefs, values, guidance, faith, morality, healing, forgiveness, hope, or a connection to something larger than yourself.",Partially,"Useful material is present, but some reasoning still resembles a broad dictionary treatment.",praying,0.2744,false,The closest neighbor does not currently erase this page's independent intent.,Generic interpretation,Insufficient emotional context; Insufficient symbolic context,,618,4,6,6
cross,Cross,Spiritual dreams,,3,2,2,1,3,2,2,3,2,2,3,2,27,P2,Passes,"How the cross is encountered Carrying, wearing, avoiding, damaging, or standing before a cross can involve responsibility, identity, grief, protest, devotion, or institutional memory; these actions should not be collapsed into one formula.","A glowing or radiant cross often symbolizes hope, clarity, spiritual support, or comfort.",Partially,"Useful material is present, but some reasoning still resembles a broad dictionary treatment.",speaking-to-jesus,0.2037,false,The closest neighbor does not currently erase this page's independent intent.,Poor conditional scenarios,,,735,5,6,6
praying,Praying,Spiritual dreams,,3,2,2,2,2,3,2,3,2,2,3,2,28,P3,Passes,"Embarrassment while praying may concern exposure or religious judgment, while silence may express uncertainty rather than spiritual failure.","Rather than solving a problem directly, the act of praying acknowledges that something feels important enough to bring attention, care, and intention toward.",Partially,"Useful material is present, but some reasoning still resembles a broad dictionary treatment.",speaking-to-god,0.3665,false,The closest neighbor does not currently erase this page's independent intent.,Generic interpretation,Insufficient symbolic context; No practical connection,,616,4,6,6
storm,Storm,Natural disasters,,3,2,2,1,3,2,2,3,2,2,3,2,27,P2,Passes,"Distance, shelter, damage, and whether the storm is approaching or passing distinguish anticipated conflict from active overwhelm or recovery.",Relief after the storm differs from numbness during it.,Partially,"Useful material is present, but some reasoning still resembles a broad dictionary treatment.",losing-control,0.237,false,The closest neighbor does not currently erase this page's independent intent.,Poor conditional scenarios,,,761,5,6,6
being-unprepared,Being unprepared,Anxiety and fear,,3,2,2,1,1,2,2,3,3,0,3,2,24,P2,Passes,"being unprepared for a speech or presentation May reflect vulnerability, fear of embarrassment, social anxiety, or emotional pressure surrounding visibility and judgment.","being unprepared for an exam Often reflects pressure, fear of judgment, self-doubt, or anxiety surrounding expectations and performance.",Partially,"Useful material is present, but some reasoning still resembles a broad dictionary treatment.",failing-an-exam,0.5168,false,The closest neighbor does not currently erase this page's independent intent.,Weak reflection questions,,,1031,0,4,4
lightning,Lightning,Transformation and life transitions,,3,2,2,2,3,2,2,3,2,2,3,2,28,P3,Passes,"Lightning may represent sudden recognition or disruption, while recent storms or fear of severe weather may explain the imagery directly.","being struck by lightning A sudden transformation, life-changing realization, shock, or powerful emotional experience.",Partially,"Useful material is present, but some reasoning still resembles a broad dictionary treatment.",storm,0.1721,false,The closest neighbor does not currently erase this page's independent intent.,Generic interpretation,Insufficient emotional context; Insufficient symbolic context,,768,5,5,5
having-a-miscarriage,Having a Miscarriage,Transformation and life transitions,,3,3,3,2,2,2,2,3,2,2,3,2,29,P3,Passes,"someone else having a miscarriage Concern for another person, empathy, or witnessing potential, plans, or hopes being disrupted.","having a miscarriage Loss, disappointment, interrupted growth, unrealized potential, or fear surrounding something meaningful.",Partially,"Useful material is present, but some reasoning still resembles a broad dictionary treatment.",losing-a-baby,0.3874,false,The closest neighbor does not currently erase this page's independent intent.,Generic interpretation,Insufficient emotional context; Insufficient symbolic context,,714,4,6,6
losing-a-baby,Losing a Baby,Family,,3,3,2,1,1,2,2,3,2,2,3,3,27,P2,Passes,"crying after losing a baby Grief, emotional release, disappointment, or processing fears surrounding loss.","someone taking the baby Fear of losing control, outside interference, insecurity, or emotional vulnerability.",Partially,"Useful material is present, but some reasoning still resembles a broad dictionary treatment.",baby-dying,0.547,true,"Potentially defensible if this distinction remains central: someone taking the baby Fear of losing control, outside interference, insecurity, or emotional vulnerability.",Generic interpretation,Poor conditional scenarios; Excessive repetition,,846,5,6,6
looking-in-the-mirror,Looking in the mirror,Objects,,2,3,3,2,1,2,2,3,3,0,3,2,26,P2,Passes,"feeling calm while looking in the mirror Often reflects emotional acceptance, self-awareness, emotional maturity, or growing peace with yourself.","Looking into the mirror commonly reflects how you emotionally see yourself psychologically, emotionally, socially, spiritually, or mentally rather than simply physically.",Partially,"Useful material is present, but some reasoning still resembles a broad dictionary treatment.",different-reflection-in-the-mirror,0.4863,false,The closest neighbor does not currently erase this page's independent intent.,Weak reflection questions,,,1216,0,4,4
stars,Stars,Transformation and life transitions,KEEP_MODEL_CANDIDATE,3,2,2,2,2,2,2,3,2,2,3,2,27,P2,Passes,"a sky full of stars Possibilities, opportunities, hope, inspiration, or a broad view of the future.",A crowded sky may therefore represent possibility or overload depending on whether any pattern can be recognized.,Partially,"Useful material is present, but some reasoning still resembles a broad dictionary treatment.",shooting-stars,0.4486,true,Potentially defensible if this distinction remains central: A crowded sky may therefore represent possibility or overload depending on whether any pattern can be recognized.,Generic interpretation,Insufficient emotional context; Insufficient symbolic context,,713,5,5,5
shooting-stars,Shooting Stars,Transformation and life transitions,MERGE_REVIEW,3,3,2,1,0,1,2,2,2,0,3,2,21,P1,Passes,"Dreams about shooting stars often reflect hope, wishes, opportunities, fleeting moments, inspiration, unexpected possibilities, or the awareness that something meaningful may only be available for a short time.","bright shooting stars Strong hope, inspiration, confidence, or a meaningful opportunity.",Mostly yes,"The page needs a more dream-specific distinction, conditional scenario, or reflection that could not be reused broadly.",shooting-star,0.7305,true,"Potentially defensible if this distinction remains central: bright shooting stars Strong hope, inspiration, confidence, or a meaningful opportunity.",Generic interpretation,Weak reflection questions; Excessive repetition,,617,0,5,5
hearing-a-clock-ticking,Hearing a clock ticking,Objects,,3,3,3,2,3,2,2,3,3,0,3,2,29,P3,Passes,"hearing multiple clocks ticking May symbolize competing priorities, multiple responsibilities, or feeling overwhelmed by expectations.","Why ticking clocks create tension in dreams The human mind naturally associates ticking clocks with deadlines, countdowns, aging, and the passage of time, making them powerful symbols of urgency and awareness.",Clearly no,The page contains identifiable contextual reasoning beyond a broad symbol definition.,arriving-just-in-time,0.2347,false,The closest neighbor does not currently erase this page's independent intent.,Weak reflection questions,,,1060,0,6,6
arriving-just-in-time,Arriving just in time,Transformation and life transitions,,3,3,3,2,2,2,2,3,2,0,3,2,27,P2,Passes,"Dreams about arriving just in time often reflect relief, readiness, opportunity, self-trust, overcoming anxiety, or the feeling that things may come together before it is too late despite fears of failure, delay, or missed chances.","arriving just in time to avoid danger May reflect resilience, intuition, protection, or narrowly avoiding a difficult situation.",Partially,"Useful material is present, but some reasoning still resembles a broad dictionary treatment.",being-late,0.4491,false,The closest neighbor does not currently erase this page's independent intent.,Weak reflection questions,,,1071,0,5,5
someone-confessing-their-love-to-you,Someone confessing their love to you,Relationships,,3,3,3,1,0,2,2,3,2,2,3,2,26,P2,Passes,"someone you dislike confessing their love Often reflects discomfort, unwanted attention, conflicting emotions, or qualities you struggle to accept.","a crush confessing their love Often reflects romantic hopes, attraction, emotional possibilities, or desire for reciprocated feelings.",Partially,"Useful material is present, but some reasoning still resembles a broad dictionary treatment.",confessing-your-love-to-someone,0.7393,true,"Potentially defensible if this distinction remains central: a crush confessing their love Often reflects romantic hopes, attraction, emotional possibilities, or desire for reciprocated feelings.",Generic interpretation,Excessive repetition; Likely duplicate intent,,839,4,5,5
being-rejected,Being rejected,Anxiety and fear,,3,3,2,1,3,2,2,2,2,0,3,0,23,P2,Passes,"Dreams about being rejected often reflect fear of exclusion, self-doubt, vulnerability, insecurity, emotional wounds, social anxiety, or concerns about whether you are accepted, valued, or appreciated by others.","being rejected in public May symbolize embarrassment, fear of judgment, social anxiety, or vulnerability.",Partially,"Useful material is present, but some reasoning still resembles a broad dictionary treatment.",abandonment,0.334,false,The closest neighbor does not currently erase this page's independent intent.,Weak reflection questions,,will happen,1013,0,6,6
confessing-your-love-to-someone,Confessing your love to someone,Relationships,KEEP,3,3,3,1,0,2,1,1,1,2,3,2,22,P1,Passes,"confessing your love to a crush Often reflects romantic hopes, vulnerability, attraction, and the desire for reciprocated feelings.","confessing your love to a stranger May symbolize undiscovered desires, future possibilities, self-discovery, or emotional exploration.",Mostly yes,"The page needs a more dream-specific distinction, conditional scenario, or reflection that could not be reused broadly.",someone-confessing-their-love-to-you,0.7393,true,"Potentially defensible if this distinction remains central: confessing your love to a stranger May symbolize undiscovered desires, future possibilities, self-discovery, or emotional exploration.",Generic interpretation,Excessive repetition; Likely duplicate intent,,595,4,3,3
losing-something-important,Losing something important,Anxiety and fear,,3,3,2,1,2,2,2,3,2,0,3,2,25,P2,Passes,"Dreams about losing something important often reflect anxiety, fear of loss, insecurity, uncertainty, emotional attachment, regret, or concerns about losing something valuable in your life, identity, relationships, opportunities, or future.",Why responsibility appears through lost items People frequently dream of losing important objects when carrying significant responsibilities or feeling overwhelmed.,Partially,"Useful material is present, but some reasoning still resembles a broad dictionary treatment.",losing-money,0.4377,false,The closest neighbor does not currently erase this page's independent intent.,Weak reflection questions,,,998,0,7,7
getting-bitten-by-a-snake,Getting bitten by a snake,Animals and creatures,,3,3,2,1,1,2,2,3,3,0,3,2,25,P2,Passes,"getting bitten by a black snake May symbolize hidden fears, unknown threats, emotional uncertainty, or unresolved tension.","getting bitten by a cobra Often reflects intimidation, power struggles, emotional danger, or a situation demanding attention.",Partially,"Useful material is present, but some reasoning still resembles a broad dictionary treatment.",snake-bite-on-the-leg,0.5418,true,"Potentially defensible if this distinction remains central: getting bitten by a cobra Often reflects intimidation, power struggles, emotional danger, or a situation demanding attention.",Weak reflection questions,,,1073,0,7,7
being-chased-by-a-snake,Being chased by a snake,Animals and creatures,,3,3,2,2,0,2,2,3,3,0,3,2,25,P2,Passes,"Dreams about being chased by a snake often reflect avoidance, emotional tension, hidden fears, unresolved conflict, anxiety, transformation, instinct, or situations that are becoming increasingly difficult to ignore.","being chased by a black snake May symbolize hidden fears, uncertainty, mistrust, shadow aspects of yourself, or unresolved emotional tension.",Partially,"Useful material is present, but some reasoning still resembles a broad dictionary treatment.",snake,0.6927,true,"Potentially defensible if this distinction remains central: being chased by a black snake May symbolize hidden fears, uncertainty, mistrust, shadow aspects of yourself, or unresolved emotional tension.",Generic interpretation,Weak reflection questions; Excessive repetition,,1041,0,7,7
killing-a-snake,Killing a snake,Animals and creatures,,3,3,3,2,0,2,2,3,3,0,3,2,26,P2,Passes,"Why killing a snake feels so satisfying in dreams The dream often creates a sense of victory because it symbolically transforms a threat into something manageable, allowing the dreamer to feel powerful rather than helpless.","killing multiple snakes May symbolize overcoming several problems, fears, conflicts, or sources of emotional stress at once.",Partially,"Useful material is present, but some reasoning still resembles a broad dictionary treatment.",snake,0.6628,true,"Potentially defensible if this distinction remains central: killing multiple snakes May symbolize overcoming several problems, fears, conflicts, or sources of emotional stress at once.",Generic interpretation,Weak reflection questions; Excessive repetition,,1051,0,7,7
seeing-a-dead-snake,Seeing a dead snake,Animals and creatures,,3,3,3,2,0,2,3,2,3,0,3,0,24,P2,Passes,"Dreams about seeing a dead snake often reflect the end of fear, resolved conflict, emotional healing, freedom from toxic influences, completed transformations, recovered trust, or situations that no longer have the power they once held over you.","seeing multiple dead snakes May reflect overcoming several fears, conflicts, stressful situations, or toxic influences at once.",Partially,"Useful material is present, but some reasoning still resembles a broad dictionary treatment.",snake,0.603,true,"Potentially defensible if this distinction remains central: seeing multiple dead snakes May reflect overcoming several fears, conflicts, stressful situations, or toxic influences at once.",Generic interpretation,Weak reflection questions; Excessive repetition,will happen,1103,0,7,7
seeing-many-snakes,Seeing many snakes,Anxiety and fear,,3,3,2,1,2,2,2,3,3,0,3,2,26,P2,Passes,"Dreams about seeing many snakes often reflect emotional overwhelm, anxiety, mistrust, hidden tensions, multiple worries, competing pressures, transformation, heightened awareness, or the feeling that several issues are demanding your attention at the same time.","seeing many black snakes Often reflects hidden fears, uncertainty, mistrust, emotional tension, or concerns that remain difficult to understand.",Partially,"Useful material is present, but some reasoning still resembles a broad dictionary treatment.",snake,0.3946,false,The closest neighbor does not currently erase this page's independent intent.,Weak reflection questions,,,1064,0,7,7
sleeping-with-a-snake,Sleeping with a snake,Animals and creatures,,3,3,3,2,0,2,2,3,3,0,3,2,26,P2,Passes,"Dreams about sleeping with a snake often reflect hidden fears, emotional intimacy with something dangerous, ignored warning signs, trust issues, temptation, transformation, unconscious influences, or becoming comfortable with situations that deserve closer attention.","sleeping beside a threatening snake May reflect hidden fears, mistrust, ignored warning signs, or situations that feel unsafe beneath the surface.",Partially,"Useful material is present, but some reasoning still resembles a broad dictionary treatment.",snake,0.6551,true,"Potentially defensible if this distinction remains central: sleeping beside a threatening snake May reflect hidden fears, mistrust, ignored warning signs, or situations that feel unsafe beneath the surface.",Generic interpretation,Weak reflection questions; Excessive repetition,,1131,0,7,7
being-in-an-unknown-place,Being in an unknown place,Transformation and life transitions,KEEP,3,3,2,1,3,1,1,1,1,2,3,2,23,P2,Passes,"being in a frightening unknown place Often reflects anxiety, fear of change, insecurity, or emotional discomfort.","being trapped in an unknown place Often symbolizes feeling stuck, overwhelmed, restricted, or unable to understand a circumstance.",Partially,"Useful material is present, but some reasoning still resembles a broad dictionary treatment.",being-lost,0.2846,false,The closest neighbor does not currently erase this page's independent intent.,Insufficient emotional context,Insufficient symbolic context; Weak spiritual/biblical interpretation,,560,5,3,3
intimacy-with-an-animal,Intimacy with an animal,Animals and creatures,KEEP,3,3,3,2,1,2,1,1,1,2,3,2,24,P2,Passes,"intimacy with a wild animal May symbolize untamed emotions, powerful instincts, freedom, passion, or unexplored aspects of yourself.","intimacy with an aggressive animal May reflect internal conflict, emotional tension, fear, or struggles with instinctive impulses.",Partially,"Useful material is present, but some reasoning still resembles a broad dictionary treatment.",animal-attack,0.5001,false,The closest neighbor does not currently erase this page's independent intent.,Generic interpretation,Insufficient symbolic context; Weak spiritual/biblical interpretation,,614,5,3,3
being-in-a-toilet,Being in a toilet,Transformation and life transitions,,3,2,2,1,3,2,2,3,3,0,3,2,26,P2,Passes,"Why public toilets feel so uncomfortable They combine two opposing needs: emotional release and privacy, creating feelings of vulnerability and exposure.","being in a public toilet May symbolize vulnerability, fear of judgment, embarrassment, or concerns about personal boundaries.",Partially,"Useful material is present, but some reasoning still resembles a broad dictionary treatment.",missing-a-bathroom,0.2393,false,The closest neighbor does not currently erase this page's independent intent.,Weak reflection questions,,,1022,0,6,6
talking-to-a-dead-person,Talking to a Dead Person,Death and grief,KEEP,3,3,3,1,1,2,1,2,1,2,3,2,24,P2,Passes,"a dead person appearing happy Can reflect comfort, reassurance, healing, gratitude, relief, or finding peace surrounding the memory of that person.","a dead person saying goodbye Often carries sadness, acceptance, closure, or the realization that a chapter of grief or attachment may be changing.",Partially,"Useful material is present, but some reasoning still resembles a broad dictionary treatment.",seeing-a-dead-person,0.4962,true,"Potentially defensible if this distinction remains central: a dead person saying goodbye Often carries sadness, acceptance, closure, or the realization that a chapter of grief or attachment may be changing.",Generic interpretation,Insufficient symbolic context; No practical connection,,647,5,4,4
hand-falling-off,Hand falling off,Anxiety and fear,,3,3,3,1,1,1,2,3,3,0,3,2,25,P2,Passes,"Dreams about a hand falling off often reflect feelings of powerlessness, loss of control, helplessness, insecurity, reduced confidence, fear of losing capability, identity struggles, or concerns about your ability to influence situations in your life.","both hands falling off Often symbolizes extreme helplessness, overwhelm, burnout, or feeling completely unable to influence a situation.",Partially,"Useful material is present, but some reasoning still resembles a broad dictionary treatment.",snake-bite-on-the-hand,0.5091,false,The closest neighbor does not currently erase this page's independent intent.,Weak reflection questions,,,1051,0,6,6
teeth-falling-out,Teeth Falling Out,Body-related dreams,,3,3,3,2,0,2,2,3,2,2,3,2,27,P2,Passes,"Front teeth falling out May reflect embarrassment, fear of judgment, social anxiety, or concerns about appearance and reputation.","Why teeth falling out dreams are among the world's most common dreams Dreams about teeth falling out have been reported across cultures, age groups, and generations more consistently than almost any other dream symbol.",Partially,"Useful material is present, but some reasoning still resembles a broad dictionary treatment.",broken-teeth,0.7126,true,"Potentially defensible if this distinction remains central: Why teeth falling out dreams are among the world's most common dreams Dreams about teeth falling out have been reported across cultures, age groups, and generations more consistently than almost any other dream symbol.",Generic interpretation,Excessive repetition; Likely duplicate intent,,2062,4,6,6
being-in-a-forest,Being in a forest,Houses and places,,3,2,2,1,0,2,2,3,2,0,3,2,22,P1,Passes,"a dark forest Often symbolizes fear, hidden emotions, uncertainty, unresolved issues, or anxiety about the future.","Just as a forest contains hidden paths, hidden creatures, and hidden clearings, the subconscious contains thoughts, emotions, memories, fears, and possibilities that are not always visible.",Mostly yes,"The page needs a more dream-specific distinction, conditional scenario, or reflection that could not be reused broadly.",lost-in-the-forest,0.6132,true,"Potentially defensible if this distinction remains central: Just as a forest contains hidden paths, hidden creatures, and hidden clearings, the subconscious contains thoughts, emotions, memories, fears, and possibilities that are not always visible.",Generic interpretation,Weak reflection questions; Excessive repetition,,964,0,7,7
sinkhole,Sinkhole,Anxiety and fear,KEEP,3,2,2,2,3,2,2,2,3,2,3,2,28,P3,Passes,A sinkhole beneath a home centers private foundations; beneath a road it interrupts direction; beneath another person it may center responsibility or helplessness.,"If you fall into the sinkhole, it may suggest feeling consumed by a problem or situation.",Partially,"Useful material is present, but some reasoning still resembles a broad dictionary treatment.",losing-control,0.2489,false,The closest neighbor does not currently erase this page's independent intent.,Generic interpretation,Insufficient emotional context; Insufficient symbolic context,,788,5,5,5
looking-at-a-river,Looking at a River,Water,KEEP,3,3,3,2,3,2,1,1,1,2,2,2,25,P2,Passes,"looking at a calm river Peace, acceptance, emotional balance, healing, or trust in the direction life is taking.","Looking rather than entering creates distance, while a bridge, ford, boat, or absent crossing shows whether participation is possible.",Partially,"Useful material is present, but some reasoning still resembles a broad dictionary treatment.",dirty-water,0.1733,false,The closest neighbor does not currently erase this page's independent intent.,Insufficient symbolic context,Weak spiritual/biblical interpretation; No practical connection,,386,5,2,2
killing-yourself,Killing Yourself,Death and grief,,3,2,2,2,3,3,2,3,2,2,3,2,29,P3,Passes,"successfully killing yourself The symbolic ending of an identity, chapter, belief, habit, or emotional burden.","Interpretation should never be used to dismiss waking hopelessness, planning, or fear of acting; those experiences call for direct support and a safety-focused response.",Partially,"Useful material is present, but some reasoning still resembles a broad dictionary treatment.",death,0.3139,false,The closest neighbor does not currently erase this page's independent intent.,Generic interpretation,Insufficient symbolic context; No practical connection,,1054,5,6,6
climbing-a-mountain,Climbing a mountain,Transformation and life transitions,,3,3,2,1,2,0,2,3,2,0,3,2,23,P2,Passes,"falling while climbing a mountain May reflect setbacks, fear of failure, discouragement, or temporary obstacles along the path.","climbing a snowy mountain Often symbolizes difficult goals, emotional endurance, discipline, or progress through challenging circumstances.",Partially,"Useful material is present, but some reasoning still resembles a broad dictionary treatment.",climbing-a-tree,0.3859,false,The closest neighbor does not currently erase this page's independent intent.,Insufficient emotional context,Weak reflection questions,,927,0,7,7
climbing-a-tree,Climbing a tree,Transformation and life transitions,,3,3,2,1,1,1,2,3,2,0,3,2,23,P2,Passes,"Why perspective is a major theme Climbing naturally changes what you can see, making tree dreams powerful symbols for gaining insight and broader understanding.","easily climbing a tree May reflect confidence, progress, natural growth, and belief in your abilities.",Partially,"Useful material is present, but some reasoning still resembles a broad dictionary treatment.",walking-tree,0.5287,false,The closest neighbor does not currently erase this page's independent intent.,Weak reflection questions,,,951,0,7,7
jumping-off-a-bridge,Jumping off a bridge,Transformation and life transitions,,3,3,3,1,3,2,2,3,3,0,3,2,28,P3,Passes,"jumping off a bridge willingly Often symbolizes personal choice, courage, freedom, and active participation in change.","jumping off a bridge and surviving May reflect resilience, courage, adaptability, and confidence in your ability to handle change.",Partially,"Useful material is present, but some reasoning still resembles a broad dictionary treatment.",falling,0.2452,false,The closest neighbor does not currently erase this page's independent intent.,Weak reflection questions,,,971,0,7,7
rain,Rain,Other,,3,2,3,1,3,2,2,3,2,0,3,2,26,P2,Passes,"rain and sunshine together Often reflects healing after difficulty, hope emerging from sadness, or emotional balance returning.",Someone grieving a loved one may experience rain dreams because sadness is finding expression rather than remaining trapped inside.,Partially,"Useful material is present, but some reasoning still resembles a broad dictionary treatment.",storm,0.1914,false,The closest neighbor does not currently erase this page's independent intent.,Weak reflection questions,,,1042,0,6,6
water,Water,Water,KEEP,3,3,2,3,0,2,1,2,1,2,3,0,22,P1,Passes,Calm water may accompany steadiness or relief; muddy water can fit confusion; cold water may bring shock or alertness; refreshing water can suggest restoration.,"Clarity, movement, depth, temperature, location, agency, and outcome determine whether water feels like information, pressure, support, or danger.",Partially,"Useful material is present, but some reasoning still resembles a broad dictionary treatment.",walking-on-water,0.6163,true,"Potentially defensible if this distinction remains central: Clarity, movement, depth, temperature, location, agency, and outcome determine whether water feels like information, pressure, support, or danger.",Generic interpretation,Excessive repetition; Likely duplicate intent,guarantees,1252,4,3,3
reaching-the-end-after-an-endless-fall,Reaching the End After an Endless Fall,Transformation and life transitions,KEEP,3,3,3,1,2,2,1,1,1,3,2,2,24,P2,Passes,Why endless falling dreams feel unsettling Falling dreams often mirror uncertainty because they remove control and delay resolution.,"Why reaching the bottom changes the dream Once the fall ends, the dream shifts from uncertainty toward closure.",Partially,"Useful material is present, but some reasoning still resembles a broad dictionary treatment.",falling,0.3516,false,The closest neighbor does not currently erase this page's independent intent.,Insufficient symbolic context,Weak spiritual/biblical interpretation; No practical connection,,473,5,2,2
peeing-the-bed,Peeing the Bed,Body-related dreams,,2,3,3,2,3,2,2,3,3,2,3,2,30,P3,Passes,"Emotionally, peeing the bed can reflect vulnerability, embarrassment, or anxiety about losing control in a place where you expected to feel safe.","peeing the bed in front of others May reflect fears of humiliation, exposure, criticism, or losing control in a public setting.",Clearly no,The page contains identifiable contextual reasoning beyond a broad symbol definition.,seeing-a-spirit-on-your-bed,0.3262,false,The closest neighbor does not currently erase this page's independent intent.,Weak opening,Insufficient emotional context; Insufficient symbolic context,,791,5,4,4
different-reflection-in-the-mirror,Different Reflection in the Mirror,Objects,,3,3,3,0,1,2,2,2,3,0,1,2,22,P1,Passes,"Seeing a different reflection in a mirror often reflects identity shifts, hidden aspects of yourself, changing self-perception, personal transformation, unresolved insecurities, emerging strengths, or the realization that you are no longer the same person you once were.","Why a stranger can appear as your reflection The subconscious sometimes uses unfamiliar faces to represent qualities, fears, desires, strengths, or possibilities that have not yet become part of your conscious identity.",Partially,"Useful material is present, but some reasoning still resembles a broad dictionary treatment.",looking-in-the-mirror,0.4863,false,The closest neighbor does not currently erase this page's independent intent.,Weak reflection questions,Poor conditional scenarios,,1176,0,1,1
climbing-stairs,Climbing Stairs,Transformation and life transitions,,2,3,2,2,0,1,2,3,3,0,2,2,22,P1,Passes,"climbing stairs easily Often reflects confidence, steady progress, motivation, and the feeling that obstacles are being managed successfully.","climbing endless stairs May symbolize long-term goals, patience, perseverance, or frustration with slow progress.",Partially,"Useful material is present, but some reasoning still resembles a broad dictionary treatment.",endless-stairs,0.6246,true,"Potentially defensible if this distinction remains central: climbing endless stairs May symbolize long-term goals, patience, perseverance, or frustration with slow progress.",Generic interpretation,Weak reflection questions; Excessive repetition,,953,0,2,2
white-snake,White Snake,Animals and creatures,,2,3,2,2,1,2,2,2,2,2,3,2,25,P2,Passes,being afraid of the white snake Feels uneasy or defensive.,a calm white snake Often feels peaceful or quietly significant.,Partially,"Useful material is present, but some reasoning still resembles a broad dictionary treatment.",snake,0.5773,true,Potentially defensible if this distinction remains central: a calm white snake Often feels peaceful or quietly significant.,Generic interpretation,Excessive repetition; Likely duplicate intent,,736,5,3,3
going-down-stairs,Going Down the Stairs,Spiritual dreams,,3,3,3,2,1,1,2,2,2,2,3,2,26,P2,Passes,"Destination, lighting, handrails, step condition, and whether the stairs end in a basement, public floor, or familiar room determine whether the movement suggests exploration, return, danger, or routine transition.",endless stairs downward Can feel heavy or ongoing.,Partially,"Useful material is present, but some reasoning still resembles a broad dictionary treatment.",climbing-stairs,0.4673,false,The closest neighbor does not currently erase this page's independent intent.,Generic interpretation,Insufficient emotional context; Excessive repetition,,746,5,3,3
plane-crash,Plane Crash,Travel and transportation,,2,3,2,2,3,2,2,2,2,2,3,2,27,P2,Passes,Travel anxiety Someone flying after years away may have a crash dream that reflects anticipatory fear rather than prediction.,surviving a plane crash Often feels relieving or shocking.,Partially,"Useful material is present, but some reasoning still resembles a broad dictionary treatment.",watching-a-train-or-plane-leave,0.257,false,The closest neighbor does not currently erase this page's independent intent.,Weak opening,Generic interpretation; Insufficient emotional context,,776,5,3,3
stranded-on-island-alone,Stranded on an Island Alone,Anxiety and fear,,3,3,2,2,2,2,2,2,2,2,3,2,27,P2,Passes,"Dreams of being stranded on an island alone often carry a quiet separation — a feeling of being cut off, yet fully aware of it.",Unsupported responsibility Someone managing a family crisis alone might dream of signaling from an island while ships pass at a distance.,Partially,"Useful material is present, but some reasoning still resembles a broad dictionary treatment.",stranded-on-island-with-someone-you-know,0.4108,false,The closest neighbor does not currently erase this page's independent intent.,Generic interpretation,Insufficient emotional context; Insufficient symbolic context,,744,5,3,3
stranded-on-island-with-stranger,Stranded on an Island with a Stranger,Relationships,KEEP,3,3,2,2,2,2,1,1,1,2,3,2,24,P2,Passes,"Who took initiative, how resources were shared, and whether the stranger felt cooperative, controlling, or unsafe matter more than the island alone.","The island limits options, while the stranger leaves character and intention unknown.",Partially,"Useful material is present, but some reasoning still resembles a broad dictionary treatment.",seeing-a-stranger,0.4505,false,The closest neighbor does not currently erase this page's independent intent.,Insufficient symbolic context,Weak spiritual/biblical interpretation; No practical connection,,373,5,3,3
marrying-a-stranger,Marrying a Stranger,Relationships,MERGE_REVIEW,2,3,2,2,0,0,2,2,2,2,3,2,22,P1,Passes,Committing to an unfamiliar role Someone accepting a leadership position might dream of marrying a stranger whose face slowly becomes recognizable.,feeling calm while marrying the stranger Feels accepting or steady.,Partially,"Useful material is present, but some reasoning still resembles a broad dictionary treatment.",getting-married-to-a-stranger,0.5828,true,Potentially defensible if this distinction remains central: feeling calm while marrying the stranger Feels accepting or steady.,Generic interpretation,Insufficient emotional context; Excessive repetition,,703,5,3,3
marrying-a-celebrity,Marrying a Celebrity,Relationships,KEEP,3,2,2,2,3,1,2,2,2,2,3,2,26,P2,Passes,Marrying a celebrity in a dream usually says more about what that person represents than about the person themselves.,You feel at home beside the celebrity An admired quality may be becoming integrated into your own identity rather than remaining distant or borrowed.,Partially,"Useful material is present, but some reasoning still resembles a broad dictionary treatment.",marrying-someone-you-know,0.306,false,The closest neighbor does not currently erase this page's independent intent.,Insufficient emotional context,,,708,5,3,3
marrying-a-crush,Marrying a Crush,Relationships,KEEP,2,2,2,2,2,1,2,2,2,2,3,0,22,P1,Passes,Wish fulfillment Someone thinking frequently about a crush may dream of a joyful wedding that rehearses hope without predicting a relationship.,"A crush may be someone known closely, admired from a distance, unavailable, or largely imagined.",Partially,"Useful material is present, but some reasoning still resembles a broad dictionary treatment.",marrying-a-stranger,0.4057,false,The closest neighbor does not currently erase this page's independent intent.,Insufficient emotional context,,will happen,652,5,3,3
tsunami,Tsunami,Natural disasters,,3,2,2,2,3,2,2,2,2,2,3,0,25,P2,Passes,Searching for loved ones Responsibility and fear of failing to protect others may matter as much as personal danger.,The wave reaches you immediately The dream may reflect demands already flooding your coping resources rather than fear of a future event.,Partially,"Useful material is present, but some reasoning still resembles a broad dictionary treatment.",flood,0.2171,false,The closest neighbor does not currently erase this page's independent intent.,Generic interpretation,Insufficient emotional context; Insufficient symbolic context,will happen,888,5,3,3
calm-water,Calm Water,Water,,2,3,2,1,1,2,2,2,2,2,3,2,24,P2,Passes,being in calm water Feels immersive and peaceful.,standing near calm water Feels observant or reflective.,Partially,"Useful material is present, but some reasoning still resembles a broad dictionary treatment.",water,0.552,true,Potentially defensible if this distinction remains central: standing near calm water Feels observant or reflective.,Generic interpretation,Poor conditional scenarios; Excessive repetition,,774,5,3,3
clear-water,Clear Water,Water,KEEP,3,3,2,1,0,2,1,1,1,2,3,2,21,P1,Passes,"Clarity and choice Looking, drinking, entering, or refusing clear water can show whether the dreamer welcomes understanding, tests it carefully, or feels exposed by seeing too much.",Clear water reveals something frightening The issue may be unwanted clarity or evidence that changes your sense of safety.,Mostly yes,"The page needs a more dream-specific distinction, conditional scenario, or reflection that could not be reused broadly.",water,0.5921,true,Potentially defensible if this distinction remains central: Clear water reveals something frightening The issue may be unwanted clarity or evidence that changes your sense of safety.,Generic interpretation,Excessive repetition,,464,5,3,3
dirty-water,Dirty Water,Water,KEEP,3,3,2,1,0,2,1,2,1,2,3,2,22,P1,Passes,standing near dirty water Feels observant but uneasy.,Disgust can mark a boundary; fear may reflect uncertainty about safety; shame can arise when the dreamer feels associated with the mess; relief as the water clears can show that confusion is becoming workable.,Mostly yes,"The page needs a more dream-specific distinction, conditional scenario, or reflection that could not be reused broadly.",falling-or-swimming-in-dirty-water,0.6469,true,Potentially defensible if this distinction remains central: Disgust can mark a boundary; fear may reflect uncertainty about safety; shame can arise when the dreamer feels associated with the mess; relief as the water clears can show that confusion is becoming workable.,Generic interpretation,Excessive repetition; Likely duplicate intent,,486,5,3,3
boat-sinking,Boat Sinking,Anxiety and fear,KEEP,3,3,2,1,0,2,1,1,1,2,3,2,21,P1,Passes,A sinking boat dream often asks whether the structure carrying you through difficulty can still hold.,The boat is overloaded The problem may be capacity and competing obligations rather than navigation.,Mostly yes,"The page needs a more dream-specific distinction, conditional scenario, or reflection that could not be reused broadly.",boat,0.5828,true,Potentially defensible if this distinction remains central: The boat is overloaded The problem may be capacity and competing obligations rather than navigation.,Generic interpretation,Excessive repetition,,470,5,3,3
stranded-on-island-with-someone-you-know,Stranded on an Island with Someone You Know,Relationships,KEEP,3,3,3,1,2,2,2,2,2,2,2,2,26,P2,Passes,Dreams of being stranded with someone you know often feel revealing — like the connection is left alone with nowhere to hide or soften.,"Desired privacy Two people facing family interference might dream of cooperating peacefully on an island, emphasizing relief from outside pressure rather than permanent isolation.",Partially,"Useful material is present, but some reasoning still resembles a broad dictionary treatment.",stranded-on-island-alone,0.4108,false,The closest neighbor does not currently erase this page's independent intent.,Poor conditional scenarios,,,611,5,2,2
stranded-on-the-road,Stranded on the Road,Travel and transportation,KEEP,2,3,2,2,2,0,2,2,2,2,3,3,25,P2,Passes,"Dreams of being stranded on the road often feel frustrating and uncertain — like your movement has stopped, but your direction hasn’t disappeared.","Being stranded is more specific than simply feeling stuck: a journey has begun, but the means of continuing has failed or become unavailable.",Partially,"Useful material is present, but some reasoning still resembles a broad dictionary treatment.",driving-on-a-road-that-keeps-changing,0.3799,false,The closest neighbor does not currently erase this page's independent intent.,Insufficient emotional context,,,631,5,3,3
baby-crying,a baby crying,Family,,3,3,3,2,1,1,2,3,2,2,3,2,27,P2,Passes,"Whether you could identify the need, comfort the baby, or get help distinguishes care, helplessness, overload, and bodily sound.","finding a crying baby May symbolize discovering neglected emotions, forgotten goals, or vulnerable aspects of yourself.",Partially,"Useful material is present, but some reasoning still resembles a broad dictionary treatment.",holding-a-baby,0.5663,true,"Potentially defensible if this distinction remains central: finding a crying baby May symbolize discovering neglected emotions, forgotten goals, or vulnerable aspects of yourself.",Generic interpretation,Insufficient emotional context; Excessive repetition,,931,4,5,5
lost-in-the-forest,Lost in the forest,Houses and places,,3,3,3,1,0,2,2,3,3,0,3,2,25,P2,Passes,"Why being lost in a forest feels emotionally isolating Forests often symbolize the unknown, emotional depth, instinct, and the subconscious.","If the forest feels peaceful or reflective, it may symbolize introspection, emotional healing, emotional exploration, spiritual searching, or emotional growth unfolding gradually through uncertainty rather than through immediate clarity.",Partially,"Useful material is present, but some reasoning still resembles a broad dictionary treatment.",being-in-a-forest,0.6132,true,"Potentially defensible if this distinction remains central: If the forest feels peaceful or reflective, it may symbolize introspection, emotional healing, emotional exploration, spiritual searching, or emotional growth unfolding gradually through uncertainty rather than through immediate clarity.",Generic interpretation,Weak reflection questions; Excessive repetition,,1514,0,5,5
being-lost,Being lost,Anxiety and fear,,3,3,2,2,1,2,2,2,3,2,3,2,27,P2,Passes,"Where you were trying to go—and whether you felt panicked, curious, ashamed, or eventually relieved—helps distinguish a crisis of direction from a temporary period of adjustment.","Being lost is not always a sign that you lack direction; when the destination is clear but no route feels workable, the dream may concern competing guidance rather than an absence of purpose.",Partially,"Useful material is present, but some reasoning still resembles a broad dictionary treatment.",lost-in-a-building,0.5208,true,"Potentially defensible if this distinction remains central: Being lost is not always a sign that you lack direction; when the destination is clear but no route feels workable, the dream may concern competing guidance rather than an absence of purpose.",Generic interpretation,Excessive repetition; Likely duplicate intent,,1109,5,4,4
mermaid,Mermaid,Spiritual dreams,,3,2,2,1,2,0,2,3,3,0,3,2,23,P2,Passes,"a frightening or dangerous mermaid May reflect emotional confusion, fear of vulnerability, emotional deception, mistrust, emotional temptation, or emotionally hidden danger.","being drawn toward a mermaid Can reflect attraction, curiosity, emotional temptation, emotional fascination, or emotionally powerful desires becoming emotionally difficult to ignore.",Partially,"Useful material is present, but some reasoning still resembles a broad dictionary treatment.",seeing-baby-girl,0.3861,false,The closest neighbor does not currently erase this page's independent intent.,Insufficient emotional context,Weak reflection questions,,1345,0,5,5
snake-bite-on-the-leg,Snake bite on the leg,Animals and creatures,KEEP,3,3,3,2,1,1,1,1,1,3,3,2,24,P2,Passes,"Which leg, bite location, snake behavior, warning signs, pain, treatment, ability to walk, destination, and real bodily sensation change the reading.","multiple snake bites on the leg Often symbolizes repeated setbacks, multiple sources of stress, or several obstacles affecting progress.",Partially,"Useful material is present, but some reasoning still resembles a broad dictionary treatment.",getting-bitten-by-a-snake,0.5418,true,"Potentially defensible if this distinction remains central: multiple snake bites on the leg Often symbolizes repeated setbacks, multiple sources of stress, or several obstacles affecting progress.",Generic interpretation,Insufficient emotional context; Insufficient symbolic context,,527,5,3,3
snake-bite-on-the-hand,Snake bite on the hand,Animals and creatures,,3,3,3,0,1,2,2,3,3,0,3,2,25,P2,Passes,"Why betrayal often appears as a snake bite Snake bites are sudden and personal, making them powerful symbols for experiences that damage trust unexpectedly.","multiple bites on the hand May reflect repeated disappointments, ongoing conflict, several obstacles, or multiple sources of stress.",Partially,"Useful material is present, but some reasoning still resembles a broad dictionary treatment.",snake-bite-on-the-leg,0.5272,true,"Potentially defensible if this distinction remains central: multiple bites on the hand May reflect repeated disappointments, ongoing conflict, several obstacles, or multiple sources of stress.",Weak reflection questions,Poor conditional scenarios,,968,0,7,7
cat-scratching-you,Cat scratching you,Animals and creatures,,3,3,2,1,0,1,2,3,2,0,3,2,22,P1,Passes,"multiple cats scratching you May reflect emotional overwhelm, relationship drama, multiple conflicts, or several sources of stress.","a cat scratching your leg Often symbolizes obstacles, emotional setbacks, or relationship issues affecting your progress.",Mostly yes,"The page needs a more dream-specific distinction, conditional scenario, or reflection that could not be reused broadly.",cat,0.6075,true,"Potentially defensible if this distinction remains central: a cat scratching your leg Often symbolizes obstacles, emotional setbacks, or relationship issues affecting your progress.",Generic interpretation,Weak reflection questions; Excessive repetition,,948,0,7,7
dog-bite,Dog biting you,Animals and creatures,KEEP,3,3,2,2,0,2,1,1,1,2,1,2,20,P1,Passes,Shock and hurt may reflect a breach of expectation; anger can mark a boundary; guilt may arise if you ignored a warning; calm observation can suggest learning to respect a limit rather than fearing attack.,"a stranger's dog biting you May reflect unexpected conflict, uncertainty, new challenges, or trust concerns involving unfamiliar people.",Mostly yes,"The page needs a more dream-specific distinction, conditional scenario, or reflection that could not be reused broadly.",dog,0.699,true,"Potentially defensible if this distinction remains central: a stranger's dog biting you May reflect unexpected conflict, uncertainty, new challenges, or trust concerns involving unfamiliar people.",Generic interpretation,Excessive repetition; Likely duplicate intent,,617,5,1,1
shark-attack,Shark attack,Animals and creatures,,3,3,3,1,3,2,2,3,3,2,3,3,31,P3,Passes,"Dreams about a shark attack often reflect overwhelming fear, emotional threats, anxiety, betrayal, high-pressure situations, survival instincts, vulnerability, or powerful problems that feel difficult to escape or control.","escaping a shark attack May symbolize avoiding danger, overcoming fear, finding solutions, or navigating difficult circumstances successfully.",Partially,"Useful material is present, but some reasoning still resembles a broad dictionary treatment.",animal-attack,0.2659,false,The closest neighbor does not currently erase this page's independent intent.,Poor conditional scenarios,,,1149,5,7,7
seeing-jesus,Seeing Jesus,Biblical dreams,KEEP,3,3,3,3,0,3,2,2,2,2,3,2,28,P3,Passes,"Jesus saying nothing May reflect peace, presence, contemplation, trust, or guidance that is felt rather than spoken.","Who Jesus was to you in the dream, what happened between you, where the encounter occurred, and how you felt after waking distinguish comfort, conscience, memory, and spiritual longing.",Partially,"Useful material is present, but some reasoning still resembles a broad dictionary treatment.",speaking-to-jesus,0.6327,true,"Potentially defensible if this distinction remains central: Who Jesus was to you in the dream, what happened between you, where the encounter occurred, and how you felt after waking distinguish comfort, conscience, memory, and spiritual longing.",Generic interpretation,Excessive repetition; Likely duplicate intent,,900,5,3,3
being-attacked,Being attacked,Anxiety and fear,,3,3,2,1,2,2,2,3,3,2,3,2,28,P3,Passes,"Dreams about being attacked often reflect stress, emotional conflict, vulnerability, anxiety, pressure, fear, relationship tension, criticism, or situations where you feel threatened, overwhelmed, or unable to fully protect yourself.","being attacked by a stranger Often symbolizes uncertainty, fear of the unknown, anxiety, or concerns about situations you cannot fully predict.",Partially,"Useful material is present, but some reasoning still resembles a broad dictionary treatment.",animal-attack,0.4057,false,The closest neighbor does not currently erase this page's independent intent.,Poor conditional scenarios,,,998,5,7,7
being-in-a-room-with-many-people,Being in a room with many people,Houses and places,KEEP,3,2,2,2,2,1,1,1,1,2,3,2,22,P1,Passes,"being in a room full of people you know May reflect relationship dynamics, family matters, social expectations, or community connections.",A large room with many people differs from a small room where bodies block the exit.,Partially,"Useful material is present, but some reasoning still resembles a broad dictionary treatment.",being-in-a-small-crowded-room,0.439,false,The closest neighbor does not currently erase this page's independent intent.,Insufficient emotional context,Insufficient symbolic context; Weak spiritual/biblical interpretation,,605,5,3,3
room-closing-in-on-you,Room closing in on you,Houses and places,,3,3,2,1,1,1,2,3,2,0,3,2,23,P2,Passes,"Dreams about a room closing in on you often reflect feeling trapped, overwhelmed, pressured, restricted, anxious, emotionally confined, or stuck in a situation that seems to be shrinking your options, freedom, or sense of control.","being trapped in a tiny room Often symbolizes emotional confinement, lack of freedom, anxiety, or feeling stuck.",Partially,"Useful material is present, but some reasoning still resembles a broad dictionary treatment.",walls-closing-in,0.5424,true,"Potentially defensible if this distinction remains central: being trapped in a tiny room Often symbolizes emotional confinement, lack of freedom, anxiety, or feeling stuck.",Weak reflection questions,,,939,0,7,7
speaking-to-jesus,Speaking to Jesus,Biblical dreams,,3,3,2,1,0,2,2,3,2,2,3,2,25,P1,Passes,Grief and reassurance Someone grieving may dream of speaking with Jesus and wake with a sense of being accompanied; the comfort can be honored without claiming a guaranteed revelation.,"Symbolically, speaking to Jesus often represents dialogue with wisdom, compassion, forgiveness, truth, guidance, hope, and deeper understanding.",Mostly yes,"The page needs a more dream-specific distinction, conditional scenario, or reflection that could not be reused broadly.",seeing-jesus,0.6327,true,"Potentially defensible if this distinction remains central: Symbolically, speaking to Jesus often represents dialogue with wisdom, compassion, forgiveness, truth, guidance, hope, and deeper understanding.",Generic interpretation,Excessive repetition; Likely duplicate intent,,998,4,6,6
speaking-to-god,Speaking to God,Biblical dreams,,3,3,2,2,1,2,2,3,2,2,3,2,27,P2,Passes,"A rehearsed prayer Someone facing bereavement may dream of asking God the same question they have repeated while awake, with the conversation giving form to grief and hope.",Someone recovering from loss may dream of speaking to God because comfort is needed.,Partially,"Useful material is present, but some reasoning still resembles a broad dictionary treatment.",seeing-god,0.568,true,Potentially defensible if this distinction remains central: Someone recovering from loss may dream of speaking to God because comfort is needed.,Generic interpretation,Excessive repetition; Likely duplicate intent,,970,4,6,6
being-in-a-small-crowded-room,Being in a small crowded room,Houses and places,KEEP,3,3,3,1,2,1,1,1,1,2,3,2,23,P2,Passes,A small crowded room dream is less about being social than losing usable space.,"escaping the crowded room Often symbolizes relief, boundary-setting, recovery, emotional freedom, and reclaiming personal space.",Partially,"Useful material is present, but some reasoning still resembles a broad dictionary treatment.",being-in-a-room-with-many-people,0.439,false,The closest neighbor does not currently erase this page's independent intent.,Insufficient emotional context,Insufficient symbolic context; Weak spiritual/biblical interpretation,,578,5,3,3
being-sick,Being sick,Transformation and life transitions,KEEP,3,2,2,2,3,2,2,2,2,2,3,3,28,P3,Passes,"Relief changes the reading: becoming sick may be the only way the dream allows you to rest, withdraw, or receive care.","Dream illness can symbolize impaired function rather than a vague “imbalance.” The body or symptom may point toward the kind of difficulty being experienced: weakness can reflect depleted capacity; fever can give heat to pressure or agitation; loss of voice can concern expression; contagion can reflect fear that one person's distress is spreading through a family, team, or relationship.",Partially,"Useful material is present, but some reasoning still resembles a broad dictionary treatment.",killing-yourself,0.2507,false,The closest neighbor does not currently erase this page's independent intent.,Generic interpretation,Insufficient emotional context; Insufficient symbolic context,,1032,5,4,4
being-trapped-in-a-maze,Being trapped in a maze,Anxiety and fear,,3,3,2,1,3,1,2,3,3,2,3,2,28,P3,Passes,"Dreams about being trapped in a maze often reflect confusion, uncertainty, difficult decisions, feeling lost, frustration, life challenges, overthinking, lack of direction, or situations where the right path feels difficult to find.",Being trapped in the maze symbolizes feeling unable to find a clear solution.,Partially,"Useful material is present, but some reasoning still resembles a broad dictionary treatment.",being-trapped,0.2821,false,The closest neighbor does not currently erase this page's independent intent.,Insufficient emotional context,Poor conditional scenarios,,948,5,7,7
crows,Crows,Spiritual dreams,KEEP,2,3,2,1,3,1,2,2,2,2,3,2,25,P2,Passes,"Consider number, sound, distance, color only if unusual, what the crows carried or approached, and whether they watched, followed, attacked, helped, gathered, or left.","It can also follow seeing crows, hearing them outside, reading folklore, or consuming media that presents them as ominous.",Partially,"Useful material is present, but some reasoning still resembles a broad dictionary treatment.",seeing-your-body-while-you-are-asleep,0.1259,false,The closest neighbor does not currently erase this page's independent intent.,Insufficient emotional context,Poor conditional scenarios,,1034,5,4,4
1111,11:11,Spiritual dreams,KEEP,2,2,2,2,1,2,2,2,2,2,3,0,22,P1,Passes,"Its interpretation depends on what the number meant to you, what happened around it, and whether the feeling was curiosity, comfort, pressure, or uncertainty—not on a guaranteed message.","What do you personally associate with the number—memory, hope, ritual, fear, or something you recently saw?",Partially,"Useful material is present, but some reasoning still resembles a broad dictionary treatment.",angel-numbers,0.4979,false,The closest neighbor does not currently erase this page's independent intent.,Generic interpretation,Excessive repetition; Likely duplicate intent,guarantees; will happen,959,5,3,3
being-lost-in-a-building,Being lost in a building,Houses and places,KEEP,3,3,3,1,0,1,1,2,1,2,3,2,22,P1,Passes,"being lost in a familiar building Can reflect emotional disconnection, identity confusion, insecurity, or emotionally struggling within situations that once felt emotionally safe or emotionally clear.","Exploration versus anxiety in lost building dreams Some lost building dreams reflect curiosity, exploration, or self-discovery, while others symbolize anxiety, pressure, confusion, or fear surrounding direction and identity.",Mostly yes,"The page needs a more dream-specific distinction, conditional scenario, or reflection that could not be reused broadly.",lost-in-a-building,0.6302,true,"Potentially defensible if this distinction remains central: Exploration versus anxiety in lost building dreams Some lost building dreams reflect curiosity, exploration, or self-discovery, while others symbolize anxiety, pressure, confusion, or fear surrounding direction and identity.",Generic interpretation,Excessive repetition; Likely duplicate intent,,838,5,4,4
doors,Doors,Transformation and life transitions,,2,2,2,2,0,1,2,3,2,2,3,2,23,P2,Passes,"Locked doors, blocked entrances, or doors that refuse to open can create a feeling that progress is being delayed or denied.","Why doors appear during major life changes Doors naturally symbolize movement between one space and another, making them powerful representations of transitions, choices, and turning points.",Partially,"Useful material is present, but some reasoning still resembles a broad dictionary treatment.",many-doors,0.7149,true,"Potentially defensible if this distinction remains central: Why doors appear during major life changes Doors naturally symbolize movement between one space and another, making them powerful representations of transitions, choices, and turning points.",Generic interpretation,Excessive repetition; Likely duplicate intent,,1023,5,3,3
opening-a-door,Opening a Door,Objects,,2,3,3,2,0,1,2,3,2,2,2,2,24,P2,Passes,"opening a door to a bright room Hope, optimism, relief, or excitement may become central.","Unlike a closed door, opening the door suggests movement toward change rather than simply thinking about it.",Partially,"Useful material is present, but some reasoning still resembles a broad dictionary treatment.",doors,0.6173,true,"Potentially defensible if this distinction remains central: Unlike a closed door, opening the door suggests movement toward change rather than simply thinking about it.",Generic interpretation,Excessive repetition; Likely duplicate intent,,929,5,2,2
many-doors,Many Doors,Transformation and life transitions,KEEP,3,2,2,1,0,2,1,1,1,2,3,2,20,P1,Passes,All doors look identical The difficulty may be insufficient information or fear that any choice could be wrong.,"identical doors Indecision, pressure, or fear of making the wrong choice may stand out strongly.",Mostly yes,"The page needs a more dream-specific distinction, conditional scenario, or reflection that could not be reused broadly.",doors,0.7149,true,"Potentially defensible if this distinction remains central: identical doors Indecision, pressure, or fear of making the wrong choice may stand out strongly.",Generic interpretation,Excessive repetition; Likely duplicate intent,,615,5,3,3
missing-an-opportunity,Missing an Opportunity,Anxiety and fear,,3,2,2,2,1,1,2,3,3,0,3,2,24,P2,Passes,"missing a train or plane Often reflects urgency, anxiety, pressure, or fear of being left behind while life continues moving forward.","Symbolically, missing an opportunity often represents the space between intention and action.",Partially,"Useful material is present, but some reasoning still resembles a broad dictionary treatment.",watching-a-train-or-plane-leave,0.4985,false,The closest neighbor does not currently erase this page's independent intent.,Weak reflection questions,,,1352,0,5,5
seeing-your-own-death,Seeing Your Own Death,Death and grief,KEEP,3,3,2,2,0,2,1,2,1,2,3,2,23,P1,Passes,"Seeing your own death makes you both the person affected and, often, an observer of what follows.","Health anxiety Someone recovering from a health scare might see their own death in a dream while processing vulnerability, not prediction.",Mostly yes,"The page needs a more dream-specific distinction, conditional scenario, or reflection that could not be reused broadly.",death,0.6083,true,"Potentially defensible if this distinction remains central: Health anxiety Someone recovering from a health scare might see their own death in a dream while processing vulnerability, not prediction.",Generic interpretation,Excessive repetition; Likely duplicate intent,,769,5,4,4
watching-a-train-or-plane-leave,Watching a Train or Plane Leave,Travel and transportation,,3,3,3,2,1,1,2,3,3,0,3,2,26,P2,Passes,"Watching a train or plane leave in a dream often reflects missed timing, opportunities slipping away, fear of falling behind, or the feeling that life is moving forward without you.","watching a plane leave Urgency, regret, pressure, or fear of losing an important opportunity may feel stronger.",Partially,"Useful material is present, but some reasoning still resembles a broad dictionary treatment.",missing-a-train,0.5352,false,The closest neighbor does not currently erase this page's independent intent.,Weak reflection questions,,,1066,0,6,6
escaping-something,Escaping Something,Anxiety and fear,,3,3,2,1,0,2,2,3,3,0,3,2,24,P1,Passes,"Dreams about escaping something often reflect avoidance, fear, pressure, emotional overwhelm, unresolved problems, anxiety, self-preservation, or the desire to break free from situations that feel threatening, limiting, or difficult to face directly.","escaping a monster May symbolize anxiety, trauma, hidden fears, emotional struggles, or problems that feel larger than they really are.",Mostly yes,"The page needs a more dream-specific distinction, conditional scenario, or reflection that could not be reused broadly.",escaping-danger,0.6185,true,"Potentially defensible if this distinction remains central: escaping a monster May symbolize anxiety, trauma, hidden fears, emotional struggles, or problems that feel larger than they really are.",Generic interpretation,Weak reflection questions; Excessive repetition,,1083,0,5,5
going-to-hell,Going to Hell,Anxiety and fear,,2,3,3,2,3,3,2,3,3,2,3,2,31,P3,Passes,"Going to hell in a dream often reflects guilt, inner conflict, self-judgment, fear of consequences, or feeling trapped inside an emotionally painful situation.","Scrupulous fear Someone repeatedly checking whether ordinary thoughts are sinful might dream of hell and then seek reassurance for hours, making the anxiety cycle more important than dream symbolism.",Clearly no,The page contains identifiable contextual reasoning beyond a broad symbol definition.,escaping-something,0.2343,false,The closest neighbor does not currently erase this page's independent intent.,Weak opening,Insufficient symbolic context; Weak reflection questions,,1146,5,6,6
going-to-heaven,Going to Heaven,Spiritual dreams,,3,3,2,1,3,2,2,3,3,0,3,2,27,P2,Passes,"Going to heaven in a dream often reflects peace, healing, acceptance, relief, personal growth, or the desire to move beyond struggle and find a greater sense of meaning.","Why heaven dreams feel peaceful Many of life's pressures disappear inside the dream, creating a rare environment where safety, acceptance, and relief become more noticeable than fear or conflict.",Partially,"Useful material is present, but some reasoning still resembles a broad dictionary treatment.",seeing-someone-you-miss,0.2294,false,The closest neighbor does not currently erase this page's independent intent.,Weak reflection questions,,,1006,0,6,6
seeing-your-dead-child,Seeing your dead child,Family,,3,3,3,2,1,3,2,2,3,2,3,2,29,P3,Passes,"Dreams about seeing your dead child often reflect grief, unresolved emotions, love, remembrance, healing, personal transformation, fears of loss, emotional processing, or a continuing connection to an important part of your life and identity.","Guilt about enjoying the dream, waking from it, or surviving the child deserves compassion rather than symbolic judgment.",Partially,"Useful material is present, but some reasoning still resembles a broad dictionary treatment.",child-dying,0.5414,true,"Potentially defensible if this distinction remains central: Guilt about enjoying the dream, waking from it, or surviving the child deserves compassion rather than symbolic judgment.",Generic interpretation,Excessive repetition; Likely duplicate intent,,1014,5,5,5
death,Death,Death and grief,,3,3,2,2,0,3,3,2,2,2,3,0,25,P2,Passes,"The meaning depends on who died, what changed afterward, and whether you felt panic, sadness, relief, guilt, or peace.","Leaving a toxic relationship, recovering from anxiety, overcoming addiction, or finally releasing years of guilt may all appear through symbolic death because an old burden has finally reached its conclusion.",Partially,"Useful material is present, but some reasoning still resembles a broad dictionary treatment.",seeing-your-own-death,0.6083,true,"Potentially defensible if this distinction remains central: Leaving a toxic relationship, recovering from anxiety, overcoming addiction, or finally releasing years of guilt may all appear through symbolic death because an old burden has finally reached its conclusion.",Generic interpretation,Excessive repetition; Likely duplicate intent,will happen,2372,4,8,8
coffin,Coffin,Death and grief,,3,2,2,2,3,2,2,3,2,0,3,2,26,P2,Passes,"being inside a coffin Can reflect feeling trapped, restricted, overwhelmed, or afraid of change.","An open coffin may symbolize confrontation, awareness, truth, or the willingness to face something directly rather than avoid it.",Partially,"Useful material is present, but some reasoning still resembles a broad dictionary treatment.",burial,0.1809,false,The closest neighbor does not currently erase this page's independent intent.,Weak reflection questions,,,997,0,3,3
being-arrested,Being Arrested,Anxiety and fear,IMPROVE,3,2,2,1,3,2,2,3,3,0,3,2,26,P2,Passes,"being arrested for something you did There may be guilt, accountability, regret, or awareness that something can no longer be avoided.","One side wants freedom, expression, or independence, while another side demands caution, restraint, responsibility, or accountability.",Partially,"Useful material is present, but some reasoning still resembles a broad dictionary treatment.",being-judged,0.2842,false,The closest neighbor does not currently erase this page's independent intent.,Weak reflection questions,,,792,0,4,4
burial,Funeral,Death and grief,IMPROVE,2,2,2,1,3,2,3,3,2,0,3,2,25,P2,Passes,"distressing burial May reflect unresolved grief, attachment, guilt, fear, or difficulty accepting change.","If you are attending a burial, it may reflect witnessing change, loss, or transition taking place within your life.",Partially,"Useful material is present, but some reasoning still resembles a broad dictionary treatment.",marrying-an-ex,0.2327,false,The closest neighbor does not currently erase this page's independent intent.,Weak reflection questions,,,797,0,3,3
being-in-the-past,Being in the Past,Transformation and life transitions,,2,3,3,2,2,1,3,3,3,0,2,2,26,P2,Passes,"trying to change something in the past Often tied to regret, guilt, or wanting a different outcome.",Being in the past tends to revolve around emotional continuity rather than memory alone.,Clearly no,The page contains identifiable contextual reasoning beyond a broad symbol definition.,meeting-someone-from-your-past,0.4051,false,The closest neighbor does not currently erase this page's independent intent.,Weak reflection questions,,,900,0,2,2
deja-vu,Deja Vu,Spiritual dreams,,3,2,2,1,1,1,2,2,3,0,3,0,20,P1,Passes,"A déjà vu dream often reflects recognition without a clear source: a present situation may resemble an older emotional pattern, choice, or relationship even when the details are different.",Déjà vu tends to move through patterns rather than events.,Partially,"Useful material is present, but some reasoning still resembles a broad dictionary treatment.",repeating-the-same-dream,0.4772,false,The closest neighbor does not currently erase this page's independent intent.,Weak reflection questions,,will happen,856,0,3,3
repeating-the-same-dream,Repeating the Same Dream,Anxiety and fear,KEEP,2,3,2,2,1,0,2,3,3,2,3,2,25,P2,Passes,reliving the exact same scenario Often creates frustration or a sense of being stuck in something that won’t move forward.,"It’s less about the dream repeating, and more about something within you staying active.",Partially,"Useful material is present, but some reasoning still resembles a broad dictionary treatment.",deja-vu,0.4772,false,The closest neighbor does not currently erase this page's independent intent.,Insufficient emotional context,,,977,6,3,3
feeling-intense-peace,Feeling Intense Peace,Spiritual dreams,IMPROVE,3,3,2,2,2,2,2,3,3,0,3,2,27,P2,Passes,"Feeling intense peace in a dream may reflect relief, emotional integration, spiritual comfort, or a deep need for rest after sustained pressure.",Intense peace in dreams often centers around the absence of conflict.,Partially,"Useful material is present, but some reasoning still resembles a broad dictionary treatment.",calm-water,0.3751,false,The closest neighbor does not currently erase this page's independent intent.,Weak reflection questions,,,761,0,3,3
light-surrounding-you,Light Surrounding You,Spiritual dreams,KEEP,3,3,2,2,1,2,1,1,1,2,3,2,23,P2,Passes,Peace may come from feeling held; awe can reflect intensity without certainty; fear may signal exposure or inability to escape; relief when the light fades suggests overstimulation rather than protection.,"The light feels warm and safe Comfort may reflect trust or relief, especially if choice remains available.",Partially,"Useful material is present, but some reasoning still resembles a broad dictionary treatment.",bright-light-in-the-sky,0.5624,true,"Potentially defensible if this distinction remains central: The light feels warm and safe Comfort may reflect trust or relief, especially if choice remains available.",Generic interpretation,Insufficient symbolic context; Weak spiritual/biblical interpretation,,408,5,3,3
being-protected,Being Protected,Anxiety and fear,IMPROVE,3,2,2,2,2,2,2,3,2,0,3,2,25,P2,Passes,"feeling protected but still alert Mixes calm with awareness, where safety is present but not fully trusted.","escaping danger and finding safety Often carries relief, release, and a drop in tension.",Partially,"Useful material is present, but some reasoning still resembles a broad dictionary treatment.",feeling-intense-peace,0.3514,false,The closest neighbor does not currently erase this page's independent intent.,Weak reflection questions,,,736,0,3,3
two-headed-snake,Two-Headed Snake,Animals and creatures,,3,3,3,2,2,2,2,2,3,2,2,2,28,P3,Passes,"calm two-headed snake May feel strange but not threatening, more curious than fearful.","two-headed snake attacking Often carries fear and overwhelm, especially when the threat feels unpredictable or coming from multiple directions.",Partially,"Useful material is present, but some reasoning still resembles a broad dictionary treatment.",snake,0.3891,false,The closest neighbor does not currently erase this page's independent intent.,Generic interpretation,Insufficient emotional context; Insufficient symbolic context,,831,5,2,2
angel-numbers,Angel Numbers,Biblical dreams,KEEP,3,3,2,1,1,0,1,1,1,2,3,2,20,P1,Passes,"Why people search for meaning in angel numbers When answers feel incomplete, the mind naturally looks for connections that help create understanding and structure.",Why angel numbers stand out in dreams Repeating patterns naturally attract attention.,Mostly yes,"The page needs a more dream-specific distinction, conditional scenario, or reflection that could not be reused broadly.",1111,0.4979,false,The closest neighbor does not currently erase this page's independent intent.,Insufficient emotional context,,,539,5,3,3
meeting-someone-from-your-past,Meeting someone from your past,Relationships,,3,3,2,2,1,1,2,3,2,0,3,2,24,P2,Passes,"Dreams about meeting someone from your past often reflect unresolved emotions, memories, lessons, nostalgia, personal growth, unfinished chapters, healing, self-reflection, or aspects of yourself that were active during that period of your life.","meeting a deceased person from your past May symbolize remembrance, healing, comfort, closure, wisdom, or emotional connection to their influence.",Partially,"Useful material is present, but some reasoning still resembles a broad dictionary treatment.",feeling-nostalgic,0.5394,false,The closest neighbor does not currently erase this page's independent intent.,Weak reflection questions,,,942,0,7,7
feeling-nostalgic,Feeling nostalgic,Transformation and life transitions,IMPROVE,3,3,2,1,1,2,2,3,2,0,3,2,24,P2,Passes,"feeling nostalgic for childhood Often symbolizes innocence, freedom, safety, curiosity, simplicity, or a desire to reconnect with forgotten parts of yourself.","feeling nostalgic but unable to remember why May symbolize emotional processing, subconscious reflection, or a longing for a feeling rather than a specific memory.",Partially,"Useful material is present, but some reasoning still resembles a broad dictionary treatment.",meeting-someone-from-your-past,0.5394,false,The closest neighbor does not currently erase this page's independent intent.,Weak reflection questions,,,887,0,7,7
money,Money,Objects,,3,2,2,2,0,3,3,3,3,2,3,2,28,P3,Passes,Why counting money reflects more than wealth Counting money often represents evaluating your resources rather than simply measuring finances.,"Stealing money May reflect guilt, insecurity, comparison, fear of missing out, or believing you lack something important.",Partially,"Useful material is present, but some reasoning still resembles a broad dictionary treatment.",finding-money,0.7242,true,"Potentially defensible if this distinction remains central: Stealing money May reflect guilt, insecurity, comparison, fear of missing out, or believing you lack something important.",Generic interpretation,Excessive repetition; Likely duplicate intent,,1963,4,8,8
hair-falling-out,Hair falling out,Body-related dreams,KEEP,3,3,3,1,0,2,1,1,1,2,3,2,22,P1,Passes,"Why loss is such a common theme Hair falling out often symbolizes fears about losing something meaningful, valuable, or familiar.","hair falling out in clumps Often symbolizes overwhelming stress, major life changes, emotional exhaustion, or significant fears about loss.",Mostly yes,"The page needs a more dream-specific distinction, conditional scenario, or reflection that could not be reused broadly.",hair-growing-rapidly,0.6614,true,"Potentially defensible if this distinction remains central: hair falling out in clumps Often symbolizes overwhelming stress, major life changes, emotional exhaustion, or significant fears about loss.",Generic interpretation,Excessive repetition; Likely duplicate intent,,672,5,3,3
being-unable-to-open-your-eyes,Being unable to open your eyes,Anxiety and fear,,3,3,3,1,1,2,2,3,3,2,3,2,28,P3,Passes,"Dreams about being unable to open your eyes often reflect denial, uncertainty, emotional avoidance, lack of clarity, vulnerability, exhaustion, fear of facing something, confusion, helplessness, or difficulty seeing a situation clearly.",Sleep-boundary experience An exhausted person may feel awake in their bedroom but be unable to open their eyes until the episode passes.,Partially,"Useful material is present, but some reasoning still resembles a broad dictionary treatment.",eyes,0.5665,true,Potentially defensible if this distinction remains central: Sleep-boundary experience An exhausted person may feel awake in their bedroom but be unable to open their eyes until the episode passes.,Generic interpretation,Poor conditional scenarios; Excessive repetition,,1092,5,6,6
phone-not-working,Phone not working,Objects,,3,3,2,1,2,1,2,2,3,2,3,2,26,P2,Passes,"Dreams about a phone not working often reflect communication problems, missed opportunities, feeling unheard, disconnection, frustration, uncertainty, relationship issues, lack of support, or difficulty reaching someone emotionally or mentally.",Someone experiencing relationship tension may dream of a broken phone because conversations are not flowing easily.,Partially,"Useful material is present, but some reasoning still resembles a broad dictionary treatment.",failure-to-call-or-communicate,0.404,false,The closest neighbor does not currently erase this page's independent intent.,Insufficient emotional context,Poor conditional scenarios,,927,5,7,7
reliving-a-specific-memory,Reliving a Specific Memory,Transformation and life transitions,KEEP,3,3,2,1,3,2,1,1,1,2,3,2,24,P2,Passes,"Reliving a specific memory in a dream can be simple replay, but changes to the event matter.","a specific moment repeating within the memory Can feel intense or focused, as if that moment carries extra weight.",Partially,"Useful material is present, but some reasoning still resembles a broad dictionary treatment.",seeing-a-dead-person,0.2645,false,The closest neighbor does not currently erase this page's independent intent.,Insufficient symbolic context,Weak spiritual/biblical interpretation; No practical connection,,397,5,3,3
water-rising,Water rising,Water,KEEP,3,3,2,1,0,1,1,1,1,2,3,2,20,P1,Passes,"being trapped by rising water Often symbolizes overwhelm, helplessness, emotional intensity, or feeling unable to escape a situation.",Why rising water feels so powerful The rising movement often symbolizes emotions or situations becoming increasingly important and difficult to ignore.,Mostly yes,"The page needs a more dream-specific distinction, conditional scenario, or reflection that could not be reused broadly.",water,0.6115,true,Potentially defensible if this distinction remains central: Why rising water feels so powerful The rising movement often symbolizes emotions or situations becoming increasingly important and difficult to ignore.,Generic interpretation,Excessive repetition; Likely duplicate intent,,794,5,3,3
flood,Flood,Natural disasters,,2,3,2,2,2,2,2,3,2,2,3,2,27,P2,Passes,"Real flood experience, disaster reporting, and climate anxiety may produce memory- or threat-based dreams rather than symbolic ones.",Disaster memory Someone affected by real flooding may dream of evacuation and damaged rooms as part of processing safety concerns.,Partially,"Useful material is present, but some reasoning still resembles a broad dictionary treatment.",water-rising,0.3994,false,The closest neighbor does not currently erase this page's independent intent.,Weak opening,Generic interpretation; Insufficient emotional context,,857,5,3,3
giving-birth,Giving Birth,Family,,3,3,2,2,3,2,2,2,2,2,3,2,28,P3,Passes,"Public launch Someone launching a business might dream of giving birth and immediately worrying about care, reflecting responsibility after launch.","Pregnancy anticipation A pregnant person might dream of giving birth somewhere unfamiliar, expressing uncertainty without forecasting delivery.",Partially,"Useful material is present, but some reasoning still resembles a broad dictionary treatment.",being-in-labour,0.2721,false,The closest neighbor does not currently erase this page's independent intent.,Generic interpretation,Insufficient emotional context; Insufficient symbolic context,,650,4,3,3
aging-suddenly,Aging Suddenly,Transformation and life transitions,,2,2,2,2,3,2,2,2,2,2,2,2,25,P2,Passes,Dreams of aging suddenly often carry a quiet shock — a feeling that time has moved faster than you were ready for.,"Grief may concern opportunities believed to be closing, while shame often comes from comparison rather than age itself.",Partially,"Useful material is present, but some reasoning still resembles a broad dictionary treatment.",deja-vu,0.2996,false,The closest neighbor does not currently erase this page's independent intent.,Weak opening,Generic interpretation; Insufficient emotional context,,868,5,2,2
watching-yourself-like-a-movie,Watching Yourself Like a Movie,Spiritual dreams,KEEP,3,3,2,2,3,1,2,2,2,2,2,2,26,P2,Passes,"Dreams of watching yourself like a movie often carry a quiet distance — as if you’re seeing your life clearly, but not fully inside it.",Harsh self-review Someone replaying a presentation might dream of watching themselves on a screen while an unseen audience rewinds every mistake.,Partially,"Useful material is present, but some reasoning still resembles a broad dictionary treatment.",deja-vu,0.3288,false,The closest neighbor does not currently erase this page's independent intent.,Insufficient emotional context,,,738,5,2,2
mirrors,Mirrors,Transformation and life transitions,KEEP_MODEL_CANDIDATE,2,2,2,2,2,1,2,2,2,2,2,2,23,P2,Passes,Curiosity supports self-examination; shame makes visibility threatening; confusion arises when the image conflicts with felt identity.,Mirrors show a mediated image rather than the whole person.,Partially,"Useful material is present, but some reasoning still resembles a broad dictionary treatment.",different-reflection-in-the-mirror,0.3941,false,The closest neighbor does not currently erase this page's independent intent.,Insufficient emotional context,,,725,5,2,2
pregnant-with-twins,Pregnant with twins,Family,KEEP,3,3,2,2,1,2,1,2,1,2,3,2,24,P2,Passes,"Whether you were pregnant, who else knew, how the twins appeared, your physical comfort, the stage of pregnancy, and what happened afterward change the interpretation.",Why twin pregnancy dreams feel so full Dreams about being pregnant with twins often feel full because they suggest more than one important thing developing at the same time.,Partially,"Useful material is present, but some reasoning still resembles a broad dictionary treatment.",pregnant,0.4781,true,Potentially defensible if this distinction remains central: Why twin pregnancy dreams feel so full Dreams about being pregnant with twins often feel full because they suggest more than one important thing developing at the same time.,Generic interpretation,Insufficient symbolic context; No practical connection,,889,5,4,4
packing,Packing,Transformation and life transitions,,3,2,2,1,3,2,2,3,2,0,3,2,25,P2,Passes,Why the destination is sometimes unknown Many packing dreams focus on preparation rather than arrival.,"If the packing feels organized and calm, the dream may reflect readiness, acceptance, confidence, or excitement about what lies ahead.",Partially,"Useful material is present, but some reasoning still resembles a broad dictionary treatment.",moving-to-a-new-house,0.1889,false,The closest neighbor does not currently erase this page's independent intent.,Weak reflection questions,,,1116,0,5,5
moving-back-to-an-old-house,Moving Back to an Old House,Houses and places,,3,3,3,1,0,2,2,3,3,0,3,2,25,P2,Passes,"moving back into a beautiful old house May symbolize rediscovering strengths, positive memories, forgotten dreams, or valuable parts of yourself.","moving back into an old family house May symbolize family connections, inherited beliefs, unresolved family issues, or emotional roots.",Partially,"Useful material is present, but some reasoning still resembles a broad dictionary treatment.",old-house,0.6628,true,"Potentially defensible if this distinction remains central: moving back into an old family house May symbolize family connections, inherited beliefs, unresolved family issues, or emotional roots.",Generic interpretation,Weak reflection questions; Excessive repetition,,1148,0,5,5
saying-no-at-a-wedding,Saying No at a Wedding,Relationships,,3,3,2,1,1,2,2,3,2,0,3,2,24,P2,Passes,Why saying no feels so powerful in dreams The subconscious often uses weddings because they represent major commitments.,"saying no at your own wedding Often reflects reevaluating an important commitment, decision, or future direction.",Partially,"Useful material is present, but some reasoning still resembles a broad dictionary treatment.",saying-yes-when-you-dont-want-to,0.5485,true,"Potentially defensible if this distinction remains central: saying no at your own wedding Often reflects reevaluating an important commitment, decision, or future direction.",Weak reflection questions,,,1099,0,5,5
engagement,Getting engaged,Relationships,KEEP,3,3,2,1,2,1,1,1,1,2,3,2,22,P1,Passes,"getting engaged to a stranger May symbolize unexplored opportunities, unknown futures, or developing aspects of yourself.","getting engaged to someone unexpected Often reflects surprising possibilities, changing priorities, or qualities becoming important.",Partially,"Useful material is present, but some reasoning still resembles a broad dictionary treatment.",ring,0.3569,false,The closest neighbor does not currently erase this page's independent intent.,Insufficient emotional context,Insufficient symbolic context; Weak spiritual/biblical interpretation,,539,5,3,3
being-late-for-class,Being late for class,Transformation and life transitions,KEEP,3,3,3,2,1,2,1,2,1,2,3,2,25,P2,Passes,"What class you were late for, the cause of delay, who judged you, whether you entered, and how prepared you felt distinguish performance anxiety from a timetable that no longer belongs to you.","Why recurring dreams happen Recurring dreams about being late for class may suggest ongoing pressure, perfectionism, fear of failure, self-comparison, important responsibilities, or goals that continue demanding attention.",Partially,"Useful material is present, but some reasoning still resembles a broad dictionary treatment.",being-late,0.4836,false,The closest neighbor does not currently erase this page's independent intent.,Generic interpretation,Insufficient symbolic context; No practical connection,,602,5,3,3
breastfeeding-a-baby,Breastfeeding a baby,Family,,3,3,2,1,1,1,2,2,3,2,3,2,25,P2,Passes,"peacefully breastfeeding a baby Often symbolizes emotional connection, nurturing, fulfillment, healthy growth, and support.","breastfeeding a crying baby May reflect urgent emotional needs, caregiving responsibilities, or concerns about providing support.",Partially,"Useful material is present, but some reasoning still resembles a broad dictionary treatment.",holding-a-baby,0.4821,false,The closest neighbor does not currently erase this page's independent intent.,Generic interpretation,Insufficient emotional context; Poor conditional scenarios,,1179,5,5,5
finding-a-baby,Finding a baby,Family,KEEP,3,3,2,1,0,1,1,1,1,2,3,3,21,P1,Passes,"finding a healthy baby Often symbolizes positive opportunities, growth, potential, hope, and encouraging new beginnings.","losing the baby after finding it Often reflects fears of missed opportunities, neglect, self-doubt, or concerns about maintaining progress.",Mostly yes,"The page needs a more dream-specific distinction, conditional scenario, or reflection that could not be reused broadly.",abandoned-baby,0.6159,true,"Potentially defensible if this distinction remains central: losing the baby after finding it Often reflects fears of missed opportunities, neglect, self-doubt, or concerns about maintaining progress.",Generic interpretation,Excessive repetition; Likely duplicate intent,,561,4,3,3
abandoned-baby,Abandoned baby,Family,,3,3,2,2,0,1,2,2,2,2,3,2,24,P2,Passes,"seeing a sick abandoned baby Often symbolizes emotional wounds, burnout, neglected wellbeing, or concerns about deterioration.","seeing a healthy abandoned baby May symbolize unrealized potential, overlooked opportunities, or growth that can still be developed.",Partially,"Useful material is present, but some reasoning still resembles a broad dictionary treatment.",finding-a-baby,0.6159,true,"Potentially defensible if this distinction remains central: seeing a healthy abandoned baby May symbolize unrealized potential, overlooked opportunities, or growth that can still be developed.",Generic interpretation,Excessive repetition; Likely duplicate intent,,731,4,5,5
baby-smiling,Baby smiling,Family,IMPROVE,3,3,2,2,1,2,2,2,3,2,3,2,27,P2,Passes,"a smiling newborn baby Often symbolizes fresh beginnings, hope, innocence, and encouraging new possibilities.","a smiling baby becoming upset Often reflects concerns about maintaining happiness, stability, or progress.",Partially,"Useful material is present, but some reasoning still resembles a broad dictionary treatment.",finding-a-baby,0.4697,false,The closest neighbor does not currently erase this page's independent intent.,Generic interpretation,Excessive repetition,,704,4,5,5
baby-dying,Baby dying,Family,,3,3,3,2,1,3,2,2,3,2,3,2,29,P3,Passes,"A baby-dying dream can express fear, grief, helplessness, or an ending involving something vulnerable.","a baby dying and then coming back to life Often symbolizes recovery, second chances, renewed hope, resilience, or revived opportunities.",Partially,"Useful material is present, but some reasoning still resembles a broad dictionary treatment.",losing-a-baby,0.547,true,"Potentially defensible if this distinction remains central: a baby dying and then coming back to life Often symbolizes recovery, second chances, renewed hope, resilience, or revived opportunities.",Generic interpretation,Excessive repetition; Likely duplicate intent,,768,4,5,5
broken-teeth,Broken teeth,Body-related dreams,,3,3,2,1,0,2,2,2,3,0,3,2,23,P1,Passes,"spitting out broken teeth May symbolize release, confronting fears, acknowledging vulnerability, or processing emotional pressure.","Why vulnerability becomes a central theme Broken teeth frequently appear when situations expose fears, insecurities, or emotional sensitivities.",Mostly yes,"The page needs a more dream-specific distinction, conditional scenario, or reflection that could not be reused broadly.",teeth-falling-out,0.7126,true,"Potentially defensible if this distinction remains central: Why vulnerability becomes a central theme Broken teeth frequently appear when situations expose fears, insecurities, or emotional sensitivities.",Generic interpretation,Weak reflection questions; Excessive repetition,,890,0,4,4
rotten-teeth,Rotten teeth,Body-related dreams,,3,3,3,1,1,2,2,2,3,0,3,2,25,P2,Passes,"hiding rotten teeth from others May symbolize shame, fear of judgment, secrecy, or concerns about how others perceive you.","Why rotten teeth feel so disturbing Tooth decay combines vulnerability, appearance, health, and deterioration, making it a powerful symbol of neglected issues.",Partially,"Useful material is present, but some reasoning still resembles a broad dictionary treatment.",teeth-falling-out,0.571,true,"Potentially defensible if this distinction remains central: Why rotten teeth feel so disturbing Tooth decay combines vulnerability, appearance, health, and deterioration, making it a powerful symbol of neglected issues.",Weak reflection questions,,,938,0,5,5
pulling-out-teeth,Pulling out teeth,Body-related dreams,,3,3,3,1,1,2,2,2,3,0,3,2,25,P2,Passes,"Dreams about pulling out teeth often reflect letting go, personal transformation, difficult decisions, self-image concerns, emotional release, ending unhealthy situations, confronting fears, taking control, or removing something from your life that no longer serves you.",Someone confronting a long-standing problem may dream of pulling out teeth because action is finally replacing avoidance.,Partially,"Useful material is present, but some reasoning still resembles a broad dictionary treatment.",teeth-falling-out,0.5797,true,Potentially defensible if this distinction remains central: Someone confronting a long-standing problem may dream of pulling out teeth because action is finally replacing avoidance.,Weak reflection questions,,,942,0,5,5
finding-money,Finding money,Objects,,3,3,3,2,0,1,2,2,2,2,3,2,25,P2,Passes,"Finding money in a dream centers unexpected discovery: what was found, whether it felt yours to keep, and what you did next can matter more than money as abundance.",Finding money can concern recognition as much as acquisition: identifying and using an existing resource responsibly rather than waiting for rescue from outside.,Partially,"Useful material is present, but some reasoning still resembles a broad dictionary treatment.",money,0.7242,true,Potentially defensible if this distinction remains central: Finding money can concern recognition as much as acquisition: identifying and using an existing resource responsibly rather than waiting for rescue from outside.,Generic interpretation,Excessive repetition; Likely duplicate intent,,772,4,5,5
losing-money,Losing money,Objects,,3,3,2,1,0,1,2,2,3,2,3,2,24,P1,Passes,"losing a large amount of money May symbolize significant fears, major uncertainty, reduced confidence, or concerns about important losses.","having money stolen May reflect feelings of betrayal, unfairness, exploitation, or losing something valuable through outside influences.",Mostly yes,"The page needs a more dream-specific distinction, conditional scenario, or reflection that could not be reused broadly.",money,0.6816,true,"Potentially defensible if this distinction remains central: having money stolen May reflect feelings of betrayal, unfairness, exploitation, or losing something valuable through outside influences.",Generic interpretation,Excessive repetition; Likely duplicate intent,,699,4,5,5
receiving-money,Receiving money,Objects,,3,3,2,2,0,0,2,2,2,2,3,2,23,P2,Passes,"receiving money from a loved one Often symbolizes emotional support, encouragement, trust, connection, or shared resources.","receiving money from a stranger May symbolize unexpected opportunities, hidden support, or positive developments entering your life.",Partially,"Useful material is present, but some reasoning still resembles a broad dictionary treatment.",money,0.6959,true,"Potentially defensible if this distinction remains central: receiving money from a stranger May symbolize unexpected opportunities, hidden support, or positive developments entering your life.",Generic interpretation,Insufficient emotional context; Excessive repetition,,679,4,5,5
stealing-money,Stealing money,Objects,,3,3,3,2,1,1,2,2,3,2,3,2,27,P2,Passes,"being caught stealing money Often reflects guilt, accountability, fear of judgment, or concerns about personal integrity.","stealing money from a stranger Often symbolizes pursuing opportunities, hidden desires, or attempting to gain something unfamiliar.",Partially,"Useful material is present, but some reasoning still resembles a broad dictionary treatment.",money,0.5441,true,"Potentially defensible if this distinction remains central: stealing money from a stranger Often symbolizes pursuing opportunities, hidden desires, or attempting to gain something unfamiliar.",Generic interpretation,Insufficient emotional context; Excessive repetition,,721,4,4,4
someone-dying,Someone dying,Death and grief,KEEP,3,3,2,1,1,2,1,2,1,2,3,2,23,P1,Passes,"Why recurring dreams happen Recurring dreams about someone dying may suggest ongoing emotional transitions, unresolved attachment, fear of change, relationship shifts, or personal transformation that continues requiring attention.","someone dying and coming back to life Often symbolizes renewal, resilience, second chances, healing, or personal rebirth.",Mostly yes,"The page needs a more dream-specific distinction, conditional scenario, or reflection that could not be reused broadly.",death,0.5442,true,"Potentially defensible if this distinction remains central: someone dying and coming back to life Often symbolizes renewal, resilience, second chances, healing, or personal rebirth.",Generic interpretation,Insufficient symbolic context; No practical connection,,741,5,4,4
parent-dying,Parent dying,Family,,3,3,2,2,1,2,2,2,3,2,3,2,27,P2,Passes,"Dreams about a parent dying often reflect personal growth, changing family dynamics, independence, emotional transitions, fear of loss, shifting responsibilities, identity development, or the end of a familiar stage of life rather than predicting a literal death.","a parent dying and returning Often symbolizes renewal, reconciliation, healing, resilience, or rediscovering important family connections.",Partially,"Useful material is present, but some reasoning still resembles a broad dictionary treatment.",someone-dying,0.5052,false,The closest neighbor does not currently erase this page's independent intent.,Generic interpretation,Excessive repetition; Likely duplicate intent,,990,5,5,5
child-dying,Child dying,Family,,3,3,2,1,1,2,2,2,3,2,3,2,26,P2,Passes,"Dreams about a child dying often reflect transformation, the end of a developing chapter, vulnerability, changing responsibilities, lost innocence, fear of failure, emotional growth, or concerns about something precious rather than predicting a literal death.","a child dying and coming back to life Often symbolizes resilience, renewal, second chances, healing, and hope after emotional difficulty.",Partially,"Useful material is present, but some reasoning still resembles a broad dictionary treatment.",seeing-your-dead-child,0.5414,true,"Potentially defensible if this distinction remains central: a child dying and coming back to life Often symbolizes resilience, renewal, second chances, healing, and hope after emotional difficulty.",Generic interpretation,Poor conditional scenarios; Excessive repetition,,1039,5,5,5
husband-dying,Husband dying,Death and grief,,3,3,3,2,1,3,2,2,3,2,3,3,30,P3,Passes,"Dreams about a husband dying often reflect relationship changes, emotional transformation, shifting roles, personal growth, fear of loss, changing responsibilities, evolving commitment, or the end of a particular stage within the relationship rather than predicting a literal death.","husband dying peacefully May reflect acceptance, healing, forgiveness, or the natural evolution of a relationship.",Partially,"Useful material is present, but some reasoning still resembles a broad dictionary treatment.",wife-dying,0.5086,false,The closest neighbor does not currently erase this page's independent intent.,Generic interpretation,Excessive repetition; Likely duplicate intent,,1121,5,5,5
wife-dying,Wife dying,Death and grief,,3,3,3,2,1,2,2,2,3,2,3,2,28,P3,Passes,Why fear is not always the message Many dreams about a wife dying reflect emotional evolution and relationship growth rather than danger or prediction.,"wife dying peacefully May reflect acceptance, healing, forgiveness, or the natural evolution of a relationship.",Partially,"Useful material is present, but some reasoning still resembles a broad dictionary treatment.",husband-dying,0.5086,false,The closest neighbor does not currently erase this page's independent intent.,Generic interpretation,Excessive repetition; Likely duplicate intent,,1132,5,5,5
flooded-house,Flooded house,Houses and places,,3,2,2,1,1,1,2,2,3,2,3,2,24,P2,Passes,"saving belongings from a flooded house Often symbolizes protecting important values, memories, relationships, or aspects of your identity during change.",Someone processing grief or unresolved feelings may dream of a flooded house because emotions are becoming more visible.,Partially,"Useful material is present, but some reasoning still resembles a broad dictionary treatment.",house,0.4977,true,Potentially defensible if this distinction remains central: Someone processing grief or unresolved feelings may dream of a flooded house because emotions are becoming more visible.,Generic interpretation,Insufficient emotional context; Poor conditional scenarios,,1126,5,5,5
old-house,Old house,Houses and places,KEEP,3,3,2,2,0,1,1,2,1,2,3,2,22,P1,Passes,You return to a welcoming old house The dream may be revisiting a quality of belonging or safety rather than asking you to recreate the past literally.,Inherited expectations Someone questioning tradition might dream of receiving keys to an old house they did not choose.,Mostly yes,"The page needs a more dream-specific distinction, conditional scenario, or reflection that could not be reused broadly.",moving-back-to-an-old-house,0.6628,true,Potentially defensible if this distinction remains central: Inherited expectations Someone questioning tradition might dream of receiving keys to an old house they did not choose.,Generic interpretation,Excessive repetition; Likely duplicate intent,,736,5,4,4
haunted-house,Haunted house,Houses and places,,3,3,3,1,1,2,2,2,3,2,3,2,27,P2,Passes,"Why fear is not always the message Many haunted-house dreams reflect healing and emotional awareness rather than danger, encouraging reflection instead of avoidance.","being trapped in a haunted house Often reflects feeling stuck in emotional patterns, fear, or unresolved situations.",Partially,"Useful material is present, but some reasoning still resembles a broad dictionary treatment.",house,0.5442,true,"Potentially defensible if this distinction remains central: being trapped in a haunted house Often reflects feeling stuck in emotional patterns, fear, or unresolved situations.",Generic interpretation,Poor conditional scenarios; Excessive repetition,,985,5,5,5
house,House,Houses and places,,3,3,2,3,0,3,2,3,2,2,3,2,28,P3,Passes,"Rather than asking only what happened inside the house, consider asking: How did being inside that house make me feel?","A haunted house May reflect fear, unresolved trauma, lingering guilt, or emotional wounds that continue affecting your present.",Partially,"Useful material is present, but some reasoning still resembles a broad dictionary treatment.",new-house,0.7045,true,"Potentially defensible if this distinction remains central: A haunted house May reflect fear, unresolved trauma, lingering guilt, or emotional wounds that continue affecting your present.",Generic interpretation,Excessive repetition; Likely duplicate intent,,2677,4,7,7
mud-house,Mud / grass house,Houses and places,IMPROVE,3,3,3,1,2,0,2,2,3,0,3,2,24,P2,Passes,"Dreams about a mud or grass house often reflect simplicity, family roots, emotional foundations, humility, resilience, ancestral connections, personal identity, and the need to appreciate what truly provides security and belonging.","Symbolically, a mud or grass house often represents simple foundations, resilience, heritage, family values, humility, and emotional grounding.",Partially,"Useful material is present, but some reasoning still resembles a broad dictionary treatment.",house,0.4568,false,The closest neighbor does not currently erase this page's independent intent.,Insufficient emotional context,Weak reflection questions,,858,0,5,5
discovering-new-rooms-in-a-house,Discovering new rooms in a house,Houses and places,,3,3,3,1,1,1,2,2,3,2,3,2,26,P2,Passes,"Dreams about discovering new rooms in a house often reflect self-discovery, hidden potential, personal growth, emotional awareness, new opportunities, spiritual development, or uncovering parts of yourself that are ready to emerge.","Why this dream often feels positive Unlike many dreams driven by fear, discovering new rooms frequently reflects hope, possibility, and personal growth.",Partially,"Useful material is present, but some reasoning still resembles a broad dictionary treatment.",house,0.4697,false,The closest neighbor does not currently erase this page's independent intent.,Generic interpretation,Insufficient emotional context; Poor conditional scenarios,,961,5,5,5
singing-with-a-crowd,Singing with a crowd,Relationships,IMPROVE,3,3,2,1,3,2,2,2,3,0,3,2,26,P2,Passes,"singing joyfully with a crowd May reflect celebration, belonging, emotional harmony, and meaningful relationships.","singing worship songs with a crowd Often symbolizes faith, gratitude, spiritual renewal, encouragement, and collective worship.",Partially,"Useful material is present, but some reasoning still resembles a broad dictionary treatment.",disappearing-in-a-crowd,0.3119,false,The closest neighbor does not currently erase this page's independent intent.,Weak reflection questions,,,891,0,5,5
floating-in-a-dark-void,Floating in a dark void,Spiritual dreams,IMPROVE,3,3,3,1,2,2,2,2,2,0,3,2,25,P2,Passes,"Dreams about floating in a dark void often reflect uncertainty, self-discovery, emotional stillness, spiritual reflection, life transitions, the unknown, surrender, or being between one stage of life and the next.","Why recurring dreams happen Recurring dreams about floating in a dark void may suggest ongoing uncertainty, emotional healing, spiritual growth, identity development, or a prolonged transition that continues unfolding over time.",Partially,"Useful material is present, but some reasoning still resembles a broad dictionary treatment.",darkness,0.3758,false,The closest neighbor does not currently erase this page's independent intent.,Weak reflection questions,,,885,0,4,4
living-a-double-life,Living a double life,Transformation and life transitions,KEEP,3,3,3,1,3,2,1,1,1,2,1,2,23,P2,Passes,"being caught living a double life May reflect fear of judgment, vulnerability, exposure, or revealing your authentic self.","Why recurring dreams happen Recurring dreams about living a double life may suggest ongoing identity conflict, hidden emotions, fear of judgment, people-pleasing, or personal transformation that continues seeking greater authenticity.",Partially,"Useful material is present, but some reasoning still resembles a broad dictionary treatment.",seeing-your-double,0.3137,false,The closest neighbor does not currently erase this page's independent intent.,Insufficient symbolic context,Weak spiritual/biblical interpretation; No practical connection,,611,5,1,1
seeing-your-double,Seeing your double,Transformation and life transitions,KEEP,3,3,3,2,3,1,1,1,1,2,3,2,25,P2,Passes,"seeing an evil or frightening double May reflect hidden fears, guilt, unresolved emotions, or parts of yourself that need understanding.",Fear may reflect replacement or loss of ownership; curiosity can support comparison; shame may attach to a rejected quality; compassion toward the double can indicate willingness to understand rather than eliminate conflict.,Partially,"Useful material is present, but some reasoning still resembles a broad dictionary treatment.",living-a-double-life,0.3137,false,The closest neighbor does not currently erase this page's independent intent.,Insufficient emotional context,Insufficient symbolic context; Weak spiritual/biblical interpretation,,569,5,3,3
unfinished-building,Unfinished building,Houses and places,KEEP,3,3,2,1,3,2,1,1,1,2,1,2,22,P1,Passes,An unfinished building in a dream often raises a practical question: what has been started but cannot yet be safely used?,"an unfinished building collapsing May symbolize setbacks, changing plans, or the need to rebuild stronger foundations.",Partially,"Useful material is present, but some reasoning still resembles a broad dictionary treatment.",being-lost-in-a-building,0.2586,false,The closest neighbor does not currently erase this page's independent intent.,Insufficient symbolic context,Weak spiritual/biblical interpretation; No practical connection,,405,5,1,1
walls-closing-in,Walls closing in,Transformation and life transitions,,3,3,2,2,1,2,1,2,3,2,3,2,26,P2,Passes,"Dreams about walls closing in often reflect emotional pressure, anxiety, feeling trapped, overwhelming responsibilities, fear of failure, limited choices, or situations in waking life that feel increasingly difficult to escape.","Why recurring dreams happen Recurring dreams about walls closing in may suggest ongoing stress, emotional overload, burnout, unresolved anxiety, or responsibilities that continue exceeding your emotional capacity.",Partially,"Useful material is present, but some reasoning still resembles a broad dictionary treatment.",room-closing-in-on-you,0.5424,true,"Potentially defensible if this distinction remains central: Why recurring dreams happen Recurring dreams about walls closing in may suggest ongoing stress, emotional overload, burnout, unresolved anxiety, or responsibilities that continue exceeding your emotional capacity.",Generic interpretation,Insufficient symbolic context; Excessive repetition,,943,5,5,5
seeing-multiple-moons,Seeing multiple moons,Spiritual dreams,IMPROVE,3,3,3,1,3,2,2,2,3,0,3,2,27,P2,Passes,"Dreams about seeing multiple moons often reflect major life choices, emotional complexity, spiritual awakening, competing possibilities, intuition, uncertainty, or recognizing that more than one path may exist before you.","Why recurring dreams happen Recurring dreams about seeing multiple moons may suggest ongoing life choices, spiritual awakening, emotional growth, expanding opportunities, or uncertainty that continues seeking clarity.",Partially,"Useful material is present, but some reasoning still resembles a broad dictionary treatment.",full-moon,0.2742,false,The closest neighbor does not currently erase this page's independent intent.,Weak reflection questions,,,859,0,5,5
temple,Temple,Houses and places,KEEP,3,3,2,1,3,2,1,1,1,2,3,2,24,P2,Passes,Peace can reflect refuge or familiarity; awe may accompany scale and ritual; discomfort can signal exclusion or unfamiliar practice; grief in a damaged temple may concern a neglected value or community.,"a temple filled with light May symbolize hope, divine guidance, peace, spiritual awakening, and emotional restoration.",Partially,"Useful material is present, but some reasoning still resembles a broad dictionary treatment.",church,0.176,false,The closest neighbor does not currently erase this page's independent intent.,Insufficient symbolic context,Weak spiritual/biblical interpretation; No practical connection,,517,5,3,3
stuck-in-a-loop,Stuck in a loop,Transformation and life transitions,,3,3,2,1,2,2,2,2,3,0,3,2,25,P2,Passes,"Dreams about being stuck in a loop often reflect feeling trapped in repeating patterns, unresolved emotions, unhealthy habits, life cycles, anxiety, fear of change, or situations that seem impossible to escape.",walking in the same loop Often symbolizes feeling stuck in repetitive routines or life circumstances.,Partially,"Useful material is present, but some reasoning still resembles a broad dictionary treatment.",repeating-the-same-dream,0.3487,false,The closest neighbor does not currently erase this page's independent intent.,Weak reflection questions,,,825,0,5,5
hearing-your-name-called,Hearing your name called,Transformation and life transitions,NOINDEX_REVIEW,3,3,3,2,1,2,2,3,2,2,1,3,27,P2,Passes,"Dreams about hearing your name called often reflect attention, identity, spiritual awareness, important messages, intuition, personal purpose, emotional awakening, or the feeling that something in your life deserves your immediate attention.","Hearing a name in a dream is not by itself evidence of prophecy, danger, or a supernatural command.",Partially,"Useful material is present, but some reasoning still resembles a broad dictionary treatment.",hearing-a-voice,0.5333,false,The closest neighbor does not currently erase this page's independent intent.,Generic interpretation,Excessive repetition; Weak internal links,,736,5,1,1
reading-an-ancient-scroll,Reading an ancient scroll,Spiritual dreams,,3,3,3,1,3,1,1,2,2,0,3,2,24,P2,Passes,"Dreams about reading an ancient scroll often reflect hidden wisdom, spiritual guidance, divine revelation, forgotten knowledge, life purpose, personal growth, or discovering truths that have been waiting to be understood.","reading an ancient scroll Often symbolizes receiving wisdom, understanding, guidance, or important life lessons.",Partially,"Useful material is present, but some reasoning still resembles a broad dictionary treatment.",tree-with-a-human-face,0.1986,false,The closest neighbor does not currently erase this page's independent intent.,Weak reflection questions,,,883,0,5,5
giant-bugs,Giant bugs,Transformation and life transitions,IMPROVE,3,3,3,1,2,1,2,2,3,0,3,2,25,P2,Passes,"Dreams about giant bugs often reflect overwhelming worries, hidden fears, persistent problems, emotional discomfort, anxiety, situations that seem larger than life, or small issues that have grown because they have been ignored.","killing giant bugs Often symbolizes overcoming fears, solving problems, regaining confidence, or emotional healing.",Partially,"Useful material is present, but some reasoning still resembles a broad dictionary treatment.",giant-snake,0.4138,false,The closest neighbor does not currently erase this page's independent intent.,Weak reflection questions,,,805,0,5,5
locusts,Locusts,Spiritual dreams,KEEP,3,2,2,1,3,2,1,2,1,2,3,2,24,P2,Passes,"locusts destroying crops May symbolize fear of loss, financial concerns, setbacks, or seeing hard work threatened.",Crops connect the threat to invested labor and future provision; locusts inside a home shift the issue toward intrusion; a swarm that causes no damage may expose fear larger than the outcome.,Partially,"Useful material is present, but some reasoning still resembles a broad dictionary treatment.",escaping-danger,0.1178,false,The closest neighbor does not currently erase this page's independent intent.,Insufficient symbolic context,No practical connection; Poor conditional scenarios,,579,5,3,3
red-sky,Red sky,Spiritual dreams,KEEP,3,3,2,1,3,1,1,3,1,2,3,3,26,P2,Passes,"a frightening red sky Often symbolizes anxiety, conflict, uncertainty, or powerful emotions seeking resolution.",The sky changes suddenly An unexplained environmental shift may reflect surprise or loss of predictability.,Partially,"Useful material is present, but some reasoning still resembles a broad dictionary treatment.",no-moon-or-sun-in-the-sky,0.2276,false,The closest neighbor does not currently erase this page's independent intent.,Insufficient emotional context,Insufficient symbolic context; No practical connection,,611,5,3,3
tree-with-a-human-face,Tree with a human face,Spiritual dreams,,3,3,3,1,0,1,2,2,3,0,3,2,23,P2,Passes,"a smiling tree with a human face May symbolize encouragement, peace, emotional healing, and personal growth.","Why the human face feels significant Faces represent identity and awareness, making them powerful symbols when combined with natural elements like trees.",Partially,"Useful material is present, but some reasoning still resembles a broad dictionary treatment.",walking-tree,0.6056,true,"Potentially defensible if this distinction remains central: Why the human face feels significant Faces represent identity and awareness, making them powerful symbols when combined with natural elements like trees.",Generic interpretation,Weak reflection questions; Excessive repetition,,858,0,5,5
old-friend,Old friend,Relationships,,3,3,2,1,1,1,2,2,2,0,3,2,22,P1,Passes,"laughing with an old friend May symbolize rediscovering joy, confidence, hope, or forgotten parts of yourself.","hugging an old friend Often symbolizes forgiveness, acceptance, emotional healing, or finding peace with the past.",Partially,"Useful material is present, but some reasoning still resembles a broad dictionary treatment.",meeting-someone-from-your-past,0.498,false,The closest neighbor does not currently erase this page's independent intent.,Weak reflection questions,,,822,0,5,5
walking-tree,Walking tree,Transformation and life transitions,,3,3,2,1,0,1,2,2,2,0,3,2,21,P1,Passes,"being chased by a walking tree May reflect fear of change, avoiding personal growth, or resisting important life transitions.","a talking walking tree Often symbolizes guidance, intuition, personal wisdom, or messages emerging from your subconscious.",Mostly yes,"The page needs a more dream-specific distinction, conditional scenario, or reflection that could not be reused broadly.",tree-with-a-human-face,0.6056,true,"Potentially defensible if this distinction remains central: a talking walking tree Often symbolizes guidance, intuition, personal wisdom, or messages emerging from your subconscious.",Generic interpretation,Weak reflection questions; Excessive repetition,,819,0,5,5
talking-animal,Talking animal,Animals and creatures,KEEP,3,3,2,2,2,1,1,1,1,2,3,2,23,P2,Passes,Comfort may reflect trust in the animal or message; suspicion can be appropriate when behavior contradicts words; fear may come from broken expectations; humor can indicate playful processing rather than warning.,"an aggressive talking animal May symbolize unresolved emotions, inner conflict, fear, or instincts demanding attention.",Partially,"Useful material is present, but some reasoning still resembles a broad dictionary treatment.",animal-attack,0.4437,false,The closest neighbor does not currently erase this page's independent intent.,Insufficient emotional context,Insufficient symbolic context; Weak spiritual/biblical interpretation,,497,5,3,3
cemetery,Cemetery,Death and grief,KEEP,3,2,2,2,3,2,2,3,3,2,3,2,29,P3,Passes,"The cemetery is peaceful and cared for Sadness and acceptance may coexist, allowing the past to remain meaningful without controlling the present.","a dark or abandoned cemetery May symbolize unresolved grief, fear of change, emotional wounds, or neglected healing.",Partially,"Useful material is present, but some reasoning still resembles a broad dictionary treatment.",burial,0.2301,false,The closest neighbor does not currently erase this page's independent intent.,Generic interpretation,Insufficient emotional context; Insufficient symbolic context,,960,5,4,4
noahs-ark,Noah's Ark,Biblical dreams,MERGE_REVIEW,3,3,3,1,0,2,1,3,2,0,3,2,23,P1,Passes,"Dreams about Noah's Ark often symbolize divine protection, salvation, preparation, faith, new beginnings, obedience, hope, spiritual refuge, or being preserved through difficult seasons of life.","boarding Noah's Ark Often symbolizes entering a season of protection, peace, or spiritual security.",Mostly yes,"The page needs a more dream-specific distinction, conditional scenario, or reflection that could not be reused broadly.",ark,0.7728,true,"Potentially defensible if this distinction remains central: boarding Noah's Ark Often symbolizes entering a season of protection, peace, or spiritual security.",Generic interpretation,Weak reflection questions; Excessive repetition,,751,0,5,5
ark,Ark,Biblical dreams,MERGE_REVIEW,3,3,2,2,0,2,1,3,2,0,3,2,23,P1,Passes,"an ark floating peacefully May symbolize emotional balance, trust, and safely navigating life's uncertainties.","Rather than escaping life's storms, the ark often represents enduring them with wisdom, patience, and resilience.",Mostly yes,"The page needs a more dream-specific distinction, conditional scenario, or reflection that could not be reused broadly.",noahs-ark,0.7728,true,"Potentially defensible if this distinction remains central: Rather than escaping life's storms, the ark often represents enduring them with wisdom, patience, and resilience.",Generic interpretation,Weak reflection questions; Excessive repetition,,853,0,5,5
lost-in-a-building,Lost in a building,Houses and places,,3,2,2,1,0,1,1,2,3,0,3,2,20,P1,Passes,"lost in an office building Often reflects career uncertainty, work stress, or navigating professional responsibilities.","Why recurring dreams happen Recurring dreams about being lost in a building may suggest ongoing life transitions, uncertainty, career changes, emotional healing, or important decisions that continue requiring reflection.",Mostly yes,"The page needs a more dream-specific distinction, conditional scenario, or reflection that could not be reused broadly.",being-lost-in-a-building,0.6302,true,"Potentially defensible if this distinction remains central: Why recurring dreams happen Recurring dreams about being lost in a building may suggest ongoing life transitions, uncertainty, career changes, emotional healing, or important decisions that continue requiring reflection.",Generic interpretation,Weak reflection questions; Excessive repetition,,801,0,4,4
witch,Witch,Biblical dreams,,3,2,2,1,3,1,1,3,3,0,3,2,24,P2,Passes,"Dreams about a witch often reflect hidden fears, manipulation, deception, spiritual conflict, intuition, personal power, emotional influence, or confronting forces that seem beyond your control.",The meaning depends heavily on the emotions and actions within the dream rather than the appearance of the witch alone.,Partially,"Useful material is present, but some reasoning still resembles a broad dictionary treatment.",witchcraft,0.2483,false,The closest neighbor does not currently erase this page's independent intent.,Weak reflection questions,,,772,0,5,5
lights-flickering,Lights flickering,Spiritual dreams,IMPROVE,3,3,2,1,2,2,1,3,3,0,3,2,25,P2,Passes,"Dreams about lights flickering often symbolize uncertainty, changing clarity, emotional instability, spiritual discernment, hope during confusion, shifting perspectives, or struggling to see a situation clearly.","Why recurring dreams happen Recurring dreams about flickering lights may suggest ongoing uncertainty, emotional healing, spiritual growth, important decisions, or situations that continue requiring patience and discernment.",Partially,"Useful material is present, but some reasoning still resembles a broad dictionary treatment.",bright-light-in-the-sky,0.3761,false,The closest neighbor does not currently erase this page's independent intent.,Weak reflection questions,,,777,0,5,5
being-drunk,Being drunk,Transformation and life transitions,KEEP,3,2,2,2,3,2,1,3,1,2,3,2,26,P2,Passes,"being drunk even though you never drink alcohol Often symbolizes emotional overwhelm, clouded judgment, outside influences, or feeling out of control rather than a desire to drink.",Relief may reveal a wish to loosen control; shame can reflect exposure; fear may concern impaired consent or safety; confusion can mirror unreliable information; determination while sobering up points toward restored agency.,Partially,"Useful material is present, but some reasoning still resembles a broad dictionary treatment.",losing-control,0.1535,false,The closest neighbor does not currently erase this page's independent intent.,Insufficient symbolic context,No practical connection,,702,5,3,3
harvesting,Harvesting,Transformation and life transitions,KEEP,3,2,2,1,3,0,2,3,2,2,3,2,25,P2,Passes,"harvesting alone May symbolize personal responsibility, independence, or enjoying the rewards of your own hard work.","Gathering healthy crops differs from cutting too early, finding rot, harvesting another person's field, or watching produce go to waste.",Partially,"Useful material is present, but some reasoning still resembles a broad dictionary treatment.",working-on-a-farm,0.2577,false,The closest neighbor does not currently erase this page's independent intent.,Insufficient emotional context,,,889,5,3,3
shooting-star,Shooting Star,Transformation and life transitions,,3,3,3,2,0,3,3,2,2,0,3,0,24,P2,Passes,"A shooting star falling close to you May create surprise, curiosity, gratitude, or nervous excitement because the opportunity feels personal rather than distant.","Ultimately, the shooting star symbolizes meaningful possibilities that appear unexpectedly, invite reflection, and encourage you to embrace change with hope rather than hesitation.",Partially,"Useful material is present, but some reasoning still resembles a broad dictionary treatment.",shooting-stars,0.7305,true,"Potentially defensible if this distinction remains central: Ultimately, the shooting star symbolizes meaningful possibilities that appear unexpectedly, invite reflection, and encourage you to embrace change with hope rather than hesitation.",Generic interpretation,Weak reflection questions; Excessive repetition,guarantees,2568,0,15,15
being-possessed,Being Possessed,Spiritual dreams,,3,3,2,2,2,2,3,3,3,0,3,2,28,P3,Passes,"Being possessed then set free Often brings relief, gratitude, peace, and emotional release after a prolonged period of struggle or inner conflict.","Being possessed with glowing or red eyes May reflect intense anger, emotional volatility, fear of becoming someone you no longer recognize, or feeling consumed by powerful emotions.",Partially,"Useful material is present, but some reasoning still resembles a broad dictionary treatment.",demonic-attack,0.3505,false,The closest neighbor does not currently erase this page's independent intent.,Weak reflection questions,,,2292,0,15,15
house-collapsing,House Collapsing,Houses and places,,3,3,3,2,0,3,2,3,2,0,3,2,26,P2,Passes,"Escaping a collapsing house Often brings relief, hope, determination, and the realization that difficult seasons do not have to define your future.",Remaining inside the collapsing house symbolizes experiencing change firsthand rather than observing it from a distance.,Partially,"Useful material is present, but some reasoning still resembles a broad dictionary treatment.",house,0.5881,true,Potentially defensible if this distinction remains central: Remaining inside the collapsing house symbolizes experiencing change firsthand rather than observing it from a distance.,Generic interpretation,Weak reflection questions; Excessive repetition,,2175,0,15,15
empty-house,Empty House,Houses and places,KEEP,3,3,3,2,1,2,1,3,1,2,3,3,27,P2,Passes,"Why these dreams aren't always about loneliness Although many people assume an empty house represents isolation, it frequently symbolizes freedom, simplicity, emotional healing, or the beginning of a fresh chapter rather than sadness alone.",An owned empty house may concern autonomy or unused capacity; a stranger's empty house may concern unfamiliar territory; one missing person can make the dream about a relationship rather than the building.,Partially,"Useful material is present, but some reasoning still resembles a broad dictionary treatment.",house,0.5763,true,Potentially defensible if this distinction remains central: An owned empty house may concern autonomy or unused capacity; a stranger's empty house may concern unfamiliar territory; one missing person can make the dream about a relationship rather than the building.,Generic interpretation,Insufficient symbolic context; No practical connection,,980,5,4,4
basement,Basement,Transformation and life transitions,,3,2,2,1,3,2,3,3,2,0,3,2,26,P2,Passes,"A flooded basement Often reflects overwhelming emotions, buried grief, or feelings that have become too powerful to remain suppressed.","A dark basement May reflect uncertainty, anxiety, or discomfort surrounding unresolved emotions or forgotten experiences.",Partially,"Useful material is present, but some reasoning still resembles a broad dictionary treatment.",house,0.2555,false,The closest neighbor does not currently erase this page's independent intent.,Weak reflection questions,,,1793,0,15,15
sitting-on-a-roof,Sitting on a Roof,Transformation and life transitions,,3,3,2,1,3,2,2,3,3,0,3,2,27,P2,Passes,"What psychologists might see in this dream From a psychological perspective, sitting on a roof often reflects self-reflection, emotional regulation, planning, and developing a broader understanding of your life rather than reacting impulsively to immediate circumstances.","Watching the sunset while sitting on a roof Often reflects gratitude, acceptance, peace, and appreciating the closing of one chapter before embracing another.",Partially,"Useful material is present, but some reasoning still resembles a broad dictionary treatment.",the-future,0.2266,false,The closest neighbor does not currently erase this page's independent intent.,Weak reflection questions,,,1710,0,13,13
secret-room,Secret Room,Houses and places,,3,3,3,1,2,3,2,3,2,0,3,2,27,P2,Passes,"A beautiful secret room May reflect joy, gratitude, wonder, and growing confidence as you discover unexpected strengths or blessings.","Why secret rooms fascinate the human mind Humans are naturally curious about hidden places because they represent mystery, discovery, and possibility.",Partially,"Useful material is present, but some reasoning still resembles a broad dictionary treatment.",discovering-new-rooms-in-a-house,0.4358,false,The closest neighbor does not currently erase this page's independent intent.,Weak reflection questions,,,1894,0,15,15
car-accident,Car Accident,Travel and transportation,,3,3,3,2,1,3,2,3,3,0,3,3,29,P3,Passes,"Why recurring accident dreams deserve attention Recurring dreams about car accidents may suggest that unresolved stress, repeated unhealthy choices, or ongoing fears about your life's direction continue demanding thoughtful attention before lasting peace can return.","What psychologists might see in this dream From a psychological perspective, car accident dreams often symbolize stress, anxiety, fear of failure, loss of control, internal conflict, or major life transitions that challenge a person's sense of stability.",Partially,"Useful material is present, but some reasoning still resembles a broad dictionary treatment.",driving-a-car-without-control,0.4888,false,The closest neighbor does not currently erase this page's independent intent.,Weak reflection questions,,,1810,0,14,14
car-wont-start,Car Won't Start,Travel and transportation,,3,3,3,2,2,3,2,3,3,0,3,2,29,P3,Passes,Why the car looks fine but still won't start The subconscious often chooses invisible mechanical problems because many real-life obstacles are emotional rather than physical.,"Ultimately, a car that won't start symbolizes stalled progress, emotional resistance, hidden obstacles, and the realization that meaningful movement often begins by addressing what lies beneath the surface rather than forcing the journey to continue.",Partially,"Useful material is present, but some reasoning still resembles a broad dictionary treatment.",stolen-car,0.4491,false,The closest neighbor does not currently erase this page's independent intent.,Weak reflection questions,,,1830,0,15,15
stolen-car,Stolen Car,Travel and transportation,,3,3,2,2,1,2,3,3,3,0,3,2,27,P2,Passes,"A new car is stolen Often reflects disappointment, fear of losing new opportunities, or anxiety that exciting beginnings may not last.",Your car is stolen from your home Often reflects feeling emotionally vulnerable or believing that your sense of security has recently been shaken.,Partially,"Useful material is present, but some reasoning still resembles a broad dictionary treatment.",not-finding-your-car,0.5565,true,Potentially defensible if this distinction remains central: Your car is stolen from your home Often reflects feeling emotionally vulnerable or believing that your sense of security has recently been shaken.,Weak reflection questions,,,1795,0,15,15
missing-a-train,Missing a Train,Travel and transportation,,3,3,3,2,0,2,3,3,2,2,3,2,28,P3,Passes,"Dreams about missing a train often symbolize missed opportunities, fear of falling behind, poor timing, life transitions, hesitation, changing directions, or realizing that one chapter has ended while another opportunity is still waiting ahead.","Missing one train but catching the next Often brings relief, hope, renewed confidence, and the reassurance that another opportunity is always possible.",Partially,"Useful material is present, but some reasoning still resembles a broad dictionary treatment.",train,0.7376,true,"Potentially defensible if this distinction remains central: Missing one train but catching the next Often brings relief, hope, renewed confidence, and the reassurance that another opportunity is always possible.",Generic interpretation,Excessive repetition; Likely duplicate intent,,1827,4,15,15
lost-passport,Lost Passport,Anxiety and fear,,3,3,2,2,3,2,2,3,2,0,3,2,27,P2,Passes,"Finding your lost passport Often brings relief, gratitude, confidence, and reassurance that things are beginning to fall back into place.","Finding the passport symbolizes renewed clarity, restored identity, and realizing that what seemed lost was never truly gone.",Partially,"Useful material is present, but some reasoning still resembles a broad dictionary treatment.",losing-something-important,0.3079,false,The closest neighbor does not currently erase this page's independent intent.,Weak reflection questions,,,1847,0,15,15
lost-luggage,Lost Luggage,Anxiety and fear,,3,3,2,1,3,2,3,3,2,0,3,2,27,P2,Passes,"Finding your lost luggage Often brings relief, reassurance, gratitude, and renewed confidence after a period of emotional uncertainty.","Searching for lost luggage May reflect determination, frustration, and the desire to recover emotional stability, confidence, or peace.",Partially,"Useful material is present, but some reasoning still resembles a broad dictionary treatment.",lost-in-a-building,0.3102,false,The closest neighbor does not currently erase this page's independent intent.,Weak reflection questions,,,1831,0,15,15
waiting-at-the-airport,Waiting at the Airport,Transformation and life transitions,,3,3,3,1,3,2,2,2,2,0,3,0,24,P2,Passes,"Rather than asking only, ""Why was I waiting at the airport?"" a more meaningful question becomes, ""What important transition am I currently preparing for, even if it hasn't fully begun yet?""","Waiting without knowing exactly when something will happen creates emotional discomfort, making airports one of the subconscious's strongest symbols for anticipation.",Partially,"Useful material is present, but some reasoning still resembles a broad dictionary treatment.",the-future,0.2911,false,The closest neighbor does not currently erase this page's independent intent.,Weak reflection questions,,will happen,1716,0,15,15
waterfall,Waterfall,Transformation and life transitions,,3,2,2,1,3,2,2,3,3,0,3,2,26,P2,Passes,"Rather than asking only, ""Why did I see a waterfall?"" a more meaningful question becomes, ""What emotion within me is finally ready to flow instead of remaining trapped?""","Standing before a waterfall Often reflects awe, peace, and recognizing that meaningful emotional or spiritual transformation is taking place.",Partially,"Useful material is present, but some reasoning still resembles a broad dictionary treatment.",water,0.3086,false,The closest neighbor does not currently erase this page's independent intent.,Weak reflection questions,,,1738,0,15,15
walking-on-water,Walking on Water,Water,,3,3,3,2,0,2,2,3,3,2,3,2,28,P3,Passes,"Stormy water symbolizes life's challenges, while walking above it represents faith overcoming fear rather than the storm disappearing.","Why faith is central to this symbol Whether viewed spiritually or psychologically, walking on water reflects trusting something greater than immediate fear.",Partially,"Useful material is present, but some reasoning still resembles a broad dictionary treatment.",water,0.6163,true,"Potentially defensible if this distinction remains central: Why faith is central to this symbol Whether viewed spiritually or psychologically, walking on water reflects trusting something greater than immediate fear.",Generic interpretation,Excessive repetition; Likely duplicate intent,,1482,4,15,15
drinking-water,Drinking Water,Water,,3,3,3,1,0,2,2,3,3,0,3,2,25,P2,Passes,"Drinking living water Often brings profound peace, spiritual satisfaction, hope, and the feeling that your deepest longings are finally being fulfilled.","Rather than asking only, ""Why was I drinking water?"" a more meaningful question becomes, ""What part of me is finally beginning to receive the healing, wisdom, or peace it has needed for a long time?""",Partially,"Useful material is present, but some reasoning still resembles a broad dictionary treatment.",water,0.6079,true,"Potentially defensible if this distinction remains central: Rather than asking only, ""Why was I drinking water?"" a more meaningful question becomes, ""What part of me is finally beginning to receive the healing, wisdom, or peace it has needed for a long time?""",Generic interpretation,Weak reflection questions; Excessive repetition,,1637,0,15,15
frozen-lake,Frozen Lake,Water,,3,3,3,2,3,2,3,3,2,0,3,2,29,P3,Passes,"A frozen lake beginning to melt Often brings hope, relief, and the feeling that emotional healing is finally beginning after a long period of stillness.","Symbolically, a frozen lake represents emotions placed on pause rather than emotions that have disappeared.",Clearly no,The page contains identifiable contextual reasoning beyond a broad symbol definition.,calm-water,0.2058,false,The closest neighbor does not currently erase this page's independent intent.,Weak reflection questions,,,1631,0,15,15
garden,Garden,Transformation and life transitions,,3,3,2,1,3,2,2,3,3,0,3,2,27,P2,Passes,"Why neglected gardens appear in dreams An overgrown or dying garden often reflects areas of life that have received little emotional, relational, or spiritual attention, encouraging gentle restoration rather than guilt.","Planting seeds in a garden May reflect hope, optimism, and believing that today's efforts will produce meaningful future rewards.",Partially,"Useful material is present, but some reasoning still resembles a broad dictionary treatment.",the-future,0.2334,false,The closest neighbor does not currently erase this page's independent intent.,Weak reflection questions,,,1599,0,15,15
flowers,Flowers,Transformation and life transitions,,3,2,2,1,3,2,2,3,2,0,3,2,25,P2,Passes,"Planting flowers Often reflects hope, optimism, and believing that today's care will create tomorrow's beauty.","Ultimately, flowers symbolize beauty, emotional maturity, hope, gratitude, personal growth, and recognizing that life's most meaningful blessings often bloom gradually rather than instantly.",Partially,"Useful material is present, but some reasoning still resembles a broad dictionary treatment.",garden,0.2311,false,The closest neighbor does not currently erase this page's independent intent.,Weak reflection questions,,,1607,0,14,14
boarding-the-wrong-bus,Boarding the Wrong Bus,Travel and transportation,,3,3,3,2,3,2,3,3,3,0,3,2,30,P3,Passes,"What psychologists might see in this dream From a psychological perspective, boarding the wrong bus often symbolizes decision anxiety, identity development, fear of making irreversible choices, social conformity, or recognizing that your current life path no longer reflects your authentic goals.","Ultimately, boarding the wrong bus symbolizes self-discovery, course correction, personal responsibility, life direction, and recognizing that changing your path is often an act of wisdom rather than failure.",Clearly no,The page contains identifiable contextual reasoning beyond a broad symbol definition.,the-future,0.2637,false,The closest neighbor does not currently erase this page's independent intent.,Weak reflection questions,,,1693,0,15,15
bee-sting,Bee Sting,Transformation and life transitions,,3,3,3,2,3,2,3,3,3,0,3,2,30,P3,Passes,"Why bees are different from wasps Unlike many aggressive insects, bees usually sting only when threatened.","Ultimately, a bee sting symbolizes temporary pain, emotional awakening, healthy boundaries, necessary correction, personal growth, and recognizing that some uncomfortable moments ultimately protect your future rather than destroy it.",Clearly no,The page contains identifiable contextual reasoning beyond a broad symbol definition.,ex-partner,0.1709,false,The closest neighbor does not currently erase this page's independent intent.,Weak reflection questions,,,1613,0,15,15
stuck-in-traffic,Stuck in Traffic,Transformation and life transitions,,3,3,2,1,3,2,2,3,3,0,3,2,27,P2,Passes,"Rather than asking only, ""Why was I stuck in traffic?"" a more meaningful question becomes, ""What area of my life feels delayed, and how am I responding while I wait?""","What psychologists might see in this dream From a psychological perspective, being stuck in traffic often symbolizes frustration tolerance, delayed gratification, workplace stress, feeling powerless, decision fatigue, or anxiety about falling behind in life.",Partially,"Useful material is present, but some reasoning still resembles a broad dictionary treatment.",being-late,0.2241,false,The closest neighbor does not currently erase this page's independent intent.,Weak reflection questions,,,1610,0,14,14
not-finding-your-car,Not Finding Your Car,Travel and transportation,,3,3,3,1,1,1,2,3,2,2,3,2,26,P2,Passes,"Why recurring dreams deserve attention Recurring dreams about not finding your car may suggest ongoing uncertainty about your purpose, career, relationships, or future direction, encouraging deeper reflection rather than rushed decisions.","What psychologists might see in this dream From a psychological perspective, not finding your car often symbolizes identity uncertainty, decision fatigue, life transitions, reduced self-confidence, or feeling disconnected from personal goals and independence.",Partially,"Useful material is present, but some reasoning still resembles a broad dictionary treatment.",stolen-car,0.5565,true,"Potentially defensible if this distinction remains central: What psychologists might see in this dream From a psychological perspective, not finding your car often symbolizes identity uncertainty, decision fatigue, life transitions, reduced self-confidence, or feeling disconnected from personal goals and independence.",Generic interpretation,Insufficient emotional context; Poor conditional scenarios,,1117,5,15,15
green-grass,Green Grass,Transformation and life transitions,,3,3,3,1,3,2,2,3,2,0,3,2,27,P2,Passes,"An endless field of green grass Often reflects hope, freedom, optimism, and excitement about the possibilities that lie ahead.","Rather than asking only, ""Why did I dream about green grass?"" a more meaningful question becomes, ""What healthy area of my life is beginning to flourish because of the care, patience, and consistency I have invested?""",Partially,"Useful material is present, but some reasoning still resembles a broad dictionary treatment.",mud-house,0.2482,false,The closest neighbor does not currently erase this page's independent intent.,Weak reflection questions,,,1546,0,15,15
house-break-in-while-sleeping,House Break-In While Sleeping,Houses and places,,3,3,3,2,2,2,3,3,3,0,3,2,29,P3,Passes,"Dreams about someone breaking into your house while you are sleeping often symbolize vulnerability, fear of losing control, violated boundaries, hidden anxiety, emotional insecurity, spiritual alertness, or feeling that your peace is being threatened by something you have not fully recognized.",Dreams about a house break-in while sleeping commonly appear during seasons where your sense of safety has been challenged.,Clearly no,The page contains identifiable contextual reasoning beyond a broad symbol definition.,house,0.3723,false,The closest neighbor does not currently erase this page's independent intent.,Weak reflection questions,,,1647,0,11,11
being-robbed,Being Robbed,Anxiety and fear,,3,2,2,2,3,3,3,3,3,0,3,2,29,P3,Passes,"Rather than asking only, ""Why was I robbed?"" a more meaningful question becomes, ""What has recently been taking my peace, confidence, time, or emotional energy without my permission?""","What psychologists might see in this dream From a psychological perspective, dreams about being robbed often symbolize vulnerability, fear of losing control, unresolved betrayal, financial anxiety, weakened personal boundaries, or feeling emotionally exploited.",Clearly no,The page contains identifiable contextual reasoning beyond a broad symbol definition.,stolen-car,0.3232,false,The closest neighbor does not currently erase this page's independent intent.,Weak reflection questions,,,1737,0,15,15
hearing-someone-walking-in-the-dark,Hearing Someone Walking in the Dark,Anxiety and fear,,3,3,3,2,3,2,2,0,2,2,3,2,27,P2,Passes,"Dreams about hearing someone walking in the dark often symbolize hidden fears, spiritual alertness, uncertainty, anxiety about the unknown, heightened intuition, unseen influences, or becoming aware that something in your life requires your attention before it fully reveals itself.","Why recurring footsteps dreams deserve attention Recurring dreams about hearing footsteps in the dark may suggest ongoing uncertainty, heightened intuition, unresolved fears, or a continuing invitation to seek clarity instead of allowing anxiety to shape your conclusions.",Clearly no,The page contains identifiable contextual reasoning beyond a broad symbol definition.,eyes-staring-at-you-in-the-dark,0.252,false,The closest neighbor does not currently erase this page's independent intent.,Weak spiritual/biblical interpretation,,,1105,5,15,15
house-in-the-middle-of-nowhere,House in the Middle of Nowhere,Houses and places,,3,3,3,2,1,2,3,3,2,0,3,2,27,P2,Passes,"A beautiful house in the middle of nowhere Often reflects hope, peace, and discovering unexpected blessings during seasons that once felt lonely or uncertain.","Ultimately, a house in the middle of nowhere symbolizes self-discovery, hidden potential, emotional independence, spiritual reflection, inner peace, and recognizing that some of life's greatest transformations happen away from the attention of the world.",Partially,"Useful material is present, but some reasoning still resembles a broad dictionary treatment.",house,0.5795,true,"Potentially defensible if this distinction remains central: Ultimately, a house in the middle of nowhere symbolizes self-discovery, hidden potential, emotional independence, spiritual reflection, inner peace, and recognizing that some of life's greatest transformations happen away from the attention of the world.",Weak reflection questions,,,1701,0,14,14
receiving-an-unknown-invitation,Receiving an Unknown Invitation,Transformation and life transitions,,3,3,3,2,3,2,3,3,3,0,3,2,30,P3,Passes,"Receiving an invitation to an unknown house Often reflects curiosity, emotional exploration, and becoming open to discovering unfamiliar parts of yourself.","Ultimately, receiving an unknown invitation symbolizes new beginnings, hidden opportunities, personal calling, important decisions, spiritual growth, and recognizing that meaningful transformation often begins with a single choice.",Clearly no,The page contains identifiable contextual reasoning beyond a broad symbol definition.,the-future,0.2519,false,The closest neighbor does not currently erase this page's independent intent.,Weak reflection questions,,,1577,0,15,15
the-future,The Future,Transformation and life transitions,,3,3,3,1,2,2,3,2,3,0,3,0,25,P2,Passes,"Dreams about the future often help organize hopes, fears, and long-term goals rather than predict specific events.","Different future dreams often represent different hopes, fears, or choices rather than contradictory predictions.",Partially,"Useful material is present, but some reasoning still resembles a broad dictionary treatment.",seeing-your-future-self,0.4255,false,The closest neighbor does not currently erase this page's independent intent.,Weak reflection questions,,will happen,1483,0,15,15
slaughtering-an-animal,Slaughtering an Animal,Animals and creatures,,3,3,2,2,2,3,2,3,3,0,3,2,28,P3,Passes,"What psychologists might see in this dream From a psychological perspective, slaughtering an animal often symbolizes releasing old identities, ending unhealthy habits, processing grief, accepting necessary change, or consciously moving beyond one stage of life into another.","Symbolically, slaughtering an animal represents intentional sacrifice, transformation, and bringing one chapter to a meaningful conclusion.",Partially,"Useful material is present, but some reasoning still resembles a broad dictionary treatment.",animal-attack,0.3497,false,The closest neighbor does not currently erase this page's independent intent.,Weak reflection questions,,,1530,0,15,15
rainbow,Rainbow,Transformation and life transitions,,3,3,2,2,3,2,3,3,2,0,3,2,28,P3,Passes,"Why chasing a rainbow changes the meaning Pursuing the rainbow often symbolizes following hope, dreams, or long-term goals while remembering to appreciate the present rather than constantly pursuing the next destination.",A rainbow touching the ground may symbolize bringing hope into everyday life rather than keeping it as a distant dream.,Clearly no,The page contains identifiable contextual reasoning beyond a broad symbol definition.,the-future,0.165,false,The closest neighbor does not currently erase this page's independent intent.,Weak reflection questions,,,1476,0,13,13
cave,Cave,Houses and places,,3,2,2,1,3,3,2,3,3,0,3,2,27,P2,Passes,"A bright or illuminated cave Often reflects hope, encouragement, and feeling that understanding is beginning to replace uncertainty.","Ultimately, dreams about caves symbolize hidden potential, emotional exploration, personal growth, protection, inner wisdom, transformation, and discovering that the greatest answers often come from looking inward rather than outward.",Partially,"Useful material is present, but some reasoning still resembles a broad dictionary treatment.",different-reflection-in-the-mirror,0.1598,false,The closest neighbor does not currently erase this page's independent intent.,Weak reflection questions,,,1516,0,14,14
broken-mirror,Broken Mirror,Objects,,3,2,2,1,2,2,2,3,2,0,3,2,24,P2,Passes,Finding a broken mirror Often reflects discovering that change has already begun or realizing that your perspective has quietly shifted.,"Unlike an intact mirror, which reflects a single image, a broken mirror creates multiple reflections.",Partially,"Useful material is present, but some reasoning still resembles a broad dictionary treatment.",looking-in-the-mirror,0.4007,false,The closest neighbor does not currently erase this page's independent intent.,Weak reflection questions,,,1496,0,15,15
lost-in-a-city,Lost in a City,Houses and places,,3,3,2,1,1,0,3,3,3,0,3,2,24,P2,Passes,"Being lost in a city at night May reflect uncertainty, fear of the unknown, or feeling that answers are difficult to find during a challenging season.",Dreams about being lost in a city commonly appear during seasons of transition and uncertainty.,Partially,"Useful material is present, but some reasoning still resembles a broad dictionary treatment.",being-lost,0.4783,true,Potentially defensible if this distinction remains central: Dreams about being lost in a city commonly appear during seasons of transition and uncertainty.,Insufficient emotional context,Weak reflection questions,,1543,0,15,15
sleep-paralysis,Sleep Paralysis,Anxiety and fear,,3,3,3,2,2,2,3,3,3,2,3,2,31,P3,Passes,"Why sleep paralysis often appears during stressful seasons Periods of anxiety, burnout, grief, disrupted sleep, major life transitions, or emotional conflict commonly increase experiences of sleep paralysis.",This powerful contrast makes sleep paralysis one of the subconscious mind's clearest symbols of feeling emotionally trapped.,Clearly no,The page contains identifiable contextual reasoning beyond a broad symbol definition.,feeling-someone-watching-you-while-you-sleep,0.452,false,The closest neighbor does not currently erase this page's independent intent.,Generic interpretation,Insufficient emotional context; Weak reflection questions,,2455,4,4,4
evil-presence,Evil Presence,Spiritual dreams,,3,3,3,1,2,2,2,3,3,0,3,2,27,P2,Passes,"Unable to move while sensing an evil presence Often reflects helplessness, emotional paralysis, anxiety, or feeling trapped within difficult circumstances.","The evil presence disappears Often reflects relief, hope, emotional healing, and realizing that fear has become less powerful than before.",Partially,"Useful material is present, but some reasoning still resembles a broad dictionary treatment.",sleep-paralysis,0.3855,false,The closest neighbor does not currently erase this page's independent intent.,Weak reflection questions,,,2383,0,6,6
demonic-attack,Demonic Attack,Anxiety and fear,KEEP,3,3,3,2,2,2,1,3,1,2,3,2,27,P2,Passes,"Why these dreams commonly appear during spiritual or emotional battles Dreams involving demonic attacks often occur during seasons of intense emotional pressure, grief, temptation, anxiety, burnout, major life transitions, or significant spiritual growth.","Recurring demonic attack dreams May reflect ongoing emotional stress, unresolved fears, recurring anxiety, or spiritual questions that continue seeking attention.",Partially,"Useful material is present, but some reasoning still resembles a broad dictionary treatment.",evil-presence,0.3848,false,The closest neighbor does not currently erase this page's independent intent.,Insufficient symbolic context,No practical connection,,1351,5,3,3
casting-out-demons,Casting Out Demons,Spiritual dreams,,3,3,3,2,2,2,3,3,3,2,3,3,32,P3,Passes,"Why you are often calm instead of afraid Unlike dreams where you are fleeing from danger, dreams about casting out demons often place you in a position of confidence.","Casting demons out of yourself Often reflects emotional healing, freedom from guilt, breaking unhealthy patterns, or overcoming fears that once controlled you.",Clearly no,The page contains identifiable contextual reasoning beyond a broad symbol definition.,demonic-attack,0.3485,false,The closest neighbor does not currently erase this page's independent intent.,Generic interpretation,Insufficient emotional context; Weak reflection questions,,1885,4,6,6
witchcraft,Witchcraft,Spiritual dreams,,3,3,2,2,3,2,3,3,3,0,3,2,29,P3,Passes,"Because witchcraft carries powerful meanings across different cultures and faiths, these dreams should be interpreted carefully rather than immediately assuming a literal spiritual attack.","Witchcraft being done against you May reflect vulnerability, anxiety, or feeling that unseen circumstances are working against your peace or confidence.",Clearly no,The page contains identifiable contextual reasoning beyond a broad symbol definition.,witch,0.2483,false,The closest neighbor does not currently erase this page's independent intent.,Weak reflection questions,,,2147,0,9,9
house-on-fire,House on Fire,Houses and places,,3,3,2,2,0,2,2,3,3,0,3,2,25,P2,Passes,"A house fire may represent releasing unhealthy relationships, breaking destructive habits, letting go of outdated beliefs, or clearing emotional burdens that have accumulated over many years.",Instead of asking only: 'Why did my house catch fire?' Consider asking yourself: What part of my life is changing so dramatically that it feels as though everything familiar is being transformed?,Partially,"Useful material is present, but some reasoning still resembles a broad dictionary treatment.",fire,0.6109,true,Potentially defensible if this distinction remains central: Instead of asking only: 'Why did my house catch fire?' Consider asking yourself: What part of my life is changing so dramatically that it feels as though everything familiar is being transformed?,Generic interpretation,Weak reflection questions; Excessive repetition,,2327,0,5,5
burning-clothes,Burning Clothes,Transformation and life transitions,,3,3,3,2,2,3,3,3,3,0,3,2,30,P3,Passes,"Rather than asking only: 'Why were my clothes burning?' Consider asking yourself: 'What part of myself am I afraid to leave behind?' or: 'What version of me am I finally ready to release?' The emotional answer often reveals whether the dream represents loss, resistance, or a powerful desire for freedom.","Burning dirty clothes Often reflects wanting to release shame, guilt, embarrassment, emotional baggage, or experiences that have left you feeling weighed down.",Clearly no,The page contains identifiable contextual reasoning beyond a broad symbol definition.,house-burning,0.3691,false,The closest neighbor does not currently erase this page's independent intent.,Weak reflection questions,,,2430,0,5,5
family,Family,Family,,3,3,3,3,3,3,3,3,3,2,2,3,34,P4,Passes,"Leaving the family gathering can distinguish a need for healthy independence from fear of rejection, depending on whether you felt relieved or distressed.","If the dream produced relief rather than sadness, separation from family may symbolize growing independence rather than rejection.",Clearly no,The page contains identifiable contextual reasoning beyond a broad symbol definition.,childhood-home,0.3379,false,The closest neighbor does not currently erase this page's independent intent.,Weak reflection questions,Weak internal links; Weak related dreams,,1568,7,2,2
being-watched,Being Watched,Anxiety and fear,,3,3,2,3,1,3,2,3,3,2,3,3,31,P3,Passes,"The meaning can shift considerably depending on whether you knew the watcher, felt afraid or calm, tried to hide, confronted them, or discovered who was watching.","In this version of the dream, the central issue is less ""What are they going to do?"" and more ""Why do they think they have the right to watch me?"" ### Curiosity If you were intrigued rather than afraid, the watcher may represent something you are becoming increasingly aware of.",Partially,"Useful material is present, but some reasoning still resembles a broad dictionary treatment.",feeling-someone-watching-you-while-you-sleep,0.4638,false,The closest neighbor does not currently erase this page's independent intent.,Generic interpretation,Excessive repetition,,1844,8,3,3
hearing-a-voice,Hearing a Voice,Spiritual dreams,,3,3,3,2,1,3,3,2,3,2,2,0,27,P2,Passes,"Think about what you associate with their voice—comfort, authority, criticism, safety, affection, or conflict—rather than assuming the person literally sent a message.","Hearing the voice of someone who is absent from your life may bring back the emotional experience associated with them, whether that involves affection, grief, comfort, regret, or unfinished business.",Partially,"Useful material is present, but some reasoning still resembles a broad dictionary treatment.",hearing-your-name-called,0.5333,false,The closest neighbor does not currently erase this page's independent intent.,Generic interpretation,Excessive repetition; Likely duplicate intent,will happen,1711,8,2,2
hospital,Hospital,Houses and places,,3,2,2,2,3,3,2,3,3,2,2,3,30,P3,Passes,"If you were afraid of receiving a diagnosis or hearing bad news, the dream may center on anticipation rather than the event itself.",Hospital dreams become much easier to interpret when you reconstruct what happened around the central event.,Partially,"Useful material is present, but some reasoning still resembles a broad dictionary treatment.",being-sick,0.2463,false,The closest neighbor does not currently erase this page's independent intent.,Generic interpretation,Insufficient symbolic context; Weak reflection questions,,1708,8,2,2
earthquake,Earthquake,Natural disasters,,3,3,2,3,3,3,3,3,3,2,3,3,34,P4,Passes,"If the earthquake felt powerful but strangely fascinating rather than frightening, it may correspond with a major change that feels disruptive while also opening the possibility of something new.","**Returning after the earthquake** can suggest a desire to understand what happened, assess the damage, or begin rebuilding rather than simply escaping the situation.",Clearly no,The page contains identifiable contextual reasoning beyond a broad symbol definition.,breakup,0.2432,false,The closest neighbor does not currently erase this page's independent intent.,Generic interpretation,Weak reflection questions,,1852,8,3,3
public-speaking,Public Speaking,Anxiety and fear,,3,3,3,3,3,3,3,3,3,2,3,2,34,P4,Passes,"If you enjoyed speaking and felt comfortable commanding the room, the dream may reflect growing self-assurance, a desire for recognition, or readiness to take up more space in waking life.",The dream may represent the pressure of wanting to be understood rather than a literal fear of public speaking.,Clearly no,The page contains identifiable contextual reasoning beyond a broad symbol definition.,speaking-to-god,0.3394,false,The closest neighbor does not currently erase this page's independent intent.,Weak reflection questions,,,1573,8,3,3
breakup,Breakup,Relationships,,3,3,2,3,2,3,3,3,3,2,3,3,33,P4,Passes,"If you were furious about the breakup, consider whether the anger came from rejection, betrayal, unfairness, not being heard, or having an important decision made for you.","If you were trying to understand why the breakup happened, the dream may be emphasizing unanswered questions rather than separation itself.",Clearly no,The page contains identifiable contextual reasoning beyond a broad symbol definition.,ex-partner,0.4006,false,The closest neighbor does not currently erase this page's independent intent.,Generic interpretation,Weak reflection questions; Excessive repetition,,1929,8,3,3
cat,Cat,Animals and creatures,,3,3,3,3,0,3,3,3,3,2,2,2,30,P3,Passes,"Notice whether the cat was healthy, injured, frightened, aggressive, playful, calm, or unusually strange.","The meaning changes depending on whether you felt worried, frustrated, relieved, or simply curious as it disappeared.",Partially,"Useful material is present, but some reasoning still resembles a broad dictionary treatment.",cat-scratching-you,0.6075,true,"Potentially defensible if this distinction remains central: The meaning changes depending on whether you felt worried, frustrated, relieved, or simply curious as it disappeared.",Generic interpretation,Excessive repetition; Likely duplicate intent,,1657,8,2,2
dog,Dog,Animals and creatures,,3,3,2,3,0,3,3,3,3,2,3,2,30,P3,Passes,"If you escaped and felt calmer afterward, the dream may emphasize overcoming a perceived threat rather than the threat itself.","Notice whether the dog was friendly, playful, protective, frightened, injured, aggressive, lost, or unusually quiet.",Partially,"Useful material is present, but some reasoning still resembles a broad dictionary treatment.",dog-bite,0.699,true,"Potentially defensible if this distinction remains central: Notice whether the dog was friendly, playful, protective, frightened, injured, aggressive, lost, or unusually quiet.",Generic interpretation,Excessive repetition; Likely duplicate intent,,1758,8,3,3
horse,Horse,Transformation and life transitions,,3,3,2,3,3,3,3,3,3,2,3,3,34,P4,Passes,"Notice whether the horse was calm, energetic, frightened, aggressive, wild, injured, exhausted, trapped, or playful.",Riding a horse Riding can represent directing your energy toward a destination while working with something powerful rather than completely controlling it.,Clearly no,The page contains identifiable contextual reasoning beyond a broad symbol definition.,running-but-cant-move-fast,0.1223,false,The closest neighbor does not currently erase this page's independent intent.,Generic interpretation,Weak reflection questions,,1829,8,3,3
wolf,Wolf,Relationships,,3,3,2,3,3,3,3,3,3,2,3,2,33,P4,Passes,"The most useful clues are how the wolf behaved, whether you felt afraid or connected to it, and whether you were alone or part of a group.","If you have recently felt betrayed or uncertain about someone's intentions, a threatening wolf may provide imagery for the feeling that you need to stay alert.",Clearly no,The page contains identifiable contextual reasoning beyond a broad symbol definition.,person-changing-into-an-animal,0.2202,false,The closest neighbor does not currently erase this page's independent intent.,Generic interpretation,Weak reflection questions,,1733,8,3,3
boat,Boat,Transformation and life transitions,,3,3,2,3,0,2,2,3,3,2,3,2,28,P3,Passes,"A calm boat ride can suggest steadiness and trust, while a sinking, damaged, lost, or uncontrollable boat can bring vulnerability and uncertainty into focus.","Fear is especially relevant when the boat capsized, sank, or was surrounded by dangerous water.",Partially,"Useful material is present, but some reasoning still resembles a broad dictionary treatment.",boat-sinking,0.5828,true,"Potentially defensible if this distinction remains central: Fear is especially relevant when the boat capsized, sank, or was surrounded by dangerous water.",Generic interpretation,Excessive repetition,,1783,8,3,3
seeing-a-stranger,Seeing a Stranger,Transformation and life transitions,,3,3,3,3,1,3,3,3,2,2,3,2,31,P3,Passes,"Fear can become more important when the stranger followed you, entered your private space, threatened you, or behaved unpredictably.","**Seeing many strangers** can shift the dream toward social environments, anonymity, belonging, or feeling surrounded by people whose intentions you do not yet understand.",Clearly no,The page contains identifiable contextual reasoning beyond a broad symbol definition.,getting-married-to-a-stranger,0.5196,false,The closest neighbor does not currently erase this page's independent intent.,Generic interpretation,Excessive repetition; Likely duplicate intent,,1676,8,3,3
childhood-home,Childhood Home,Houses and places,,3,3,3,3,2,3,2,3,3,2,3,2,32,P3,Passes,Returning to a happy childhood home Returning to a home associated with safety or affection may reflect nostalgia for a particular emotional quality rather than a literal desire to return to childhood.,"Childhood home is abandoned or empty An empty home may highlight absence, separation, grief, independence, or the end of a particular life chapter.",Clearly no,The page contains identifiable contextual reasoning beyond a broad symbol definition.,moving-back-to-an-old-house,0.3939,false,The closest neighbor does not currently erase this page's independent intent.,Generic interpretation,Insufficient symbolic context; Weak reflection questions,,1828,8,3,3
baptism,Baptism,Spiritual dreams,,3,3,2,2,3,3,3,2,3,2,3,0,29,P3,Passes,"Peace may be central when the baptism felt calm, meaningful, or comforting.","Guilt or shame can become important when the baptism was connected to confession, wrongdoing, judgment, or a desire to become a different person.",Clearly no,The page contains identifiable contextual reasoning beyond a broad symbol definition.,water,0.2568,false,The closest neighbor does not currently erase this page's independent intent.,Generic interpretation,Weak spiritual/biblical interpretation; Weak reflection questions,will happen,1734,8,3,3
being-left-behind,Being Left Behind,Relationships,,3,3,3,3,2,3,3,3,2,2,3,3,33,P4,Passes,"The meaning changes depending on who left, where they were going, whether you tried to follow, and how you felt afterward.","If you were ultimately comfortable being left behind, consider whether you are beginning to recognize that you do not have to follow everyone else's timeline.",Clearly no,The page contains identifiable contextual reasoning beyond a broad symbol definition.,watching-a-train-or-plane-leave,0.3991,false,The closest neighbor does not currently erase this page's independent intent.,Generic interpretation,No practical connection; Weak reflection questions,,1617,8,3,3
butterfly,Butterfly,Transformation and life transitions,,3,3,2,3,3,3,3,3,3,2,3,3,34,P4,Passes,Freedom may be central if you watched the butterfly fly away or felt happy seeing it move wherever it wanted.,"Joy or wonder may dominate when the butterfly felt beautiful, peaceful, or fascinating.",Clearly no,The page contains identifiable contextual reasoning beyond a broad symbol definition.,breakup,0.1304,false,The closest neighbor does not currently erase this page's independent intent.,Generic interpretation,Weak reflection questions,,1621,8,3,3
new-house,New House,Houses and places,,3,3,3,3,0,3,3,3,3,2,3,2,31,P3,Passes,"If you immediately felt that the house belonged to you, the dream may reflect growing acceptance of a new chapter or identity.","**A small new house** may emphasize simplicity, privacy, security, or the desire for a more manageable life depending on how the space felt.",Partially,"Useful material is present, but some reasoning still resembles a broad dictionary treatment.",house,0.7045,true,"Potentially defensible if this distinction remains central: **A small new house** may emphasize simplicity, privacy, security, or the desire for a more manageable life depending on how the space felt.",Generic interpretation,Excessive repetition; Likely duplicate intent,,1674,8,3,3
bread,Bread,Food,,3,3,3,2,3,3,3,3,2,2,3,2,32,P3,Passes,"If the experience felt peaceful, the dream may reflect comfort, security, or relief rather than deprivation.","The bread may represent care, assistance, generosity, or an exchange of support, but the emotional reaction determines whether receiving felt welcome or uncomfortable.",Clearly no,The page contains identifiable contextual reasoning beyond a broad symbol definition.,eating-food,0.1153,false,The closest neighbor does not currently erase this page's independent intent.,No practical connection,Weak reflection questions; Poor conditional scenarios,,1995,8,3,3
court-room,Court Room,Houses and places,,3,3,3,3,3,3,3,3,3,2,2,2,33,P4,Passes,"If you stood before the court feeling calm because you knew your position was sound, the dream may reflect growing confidence in your ability to defend your choices or face consequences honestly.","If you are currently waiting for an important outcome, the courtroom may symbolize the discomfort of having to wait for a decision you cannot completely control.",Clearly no,The page contains identifiable contextual reasoning beyond a broad symbol definition.,being-judged,0.3235,false,The closest neighbor does not currently erase this page's independent intent.,Weak reflection questions,Weak internal links; Weak related dreams,,1921,8,2,2
ladder,Ladder,Transformation and life transitions,,3,2,2,3,3,3,3,3,3,2,3,2,32,P3,Passes,"If you felt peaceful, the descent may reflect acceptance rather than defeat.","If the ladder felt dangerous, the dream may be connected to a goal that carries meaningful risk.",Clearly no,The page contains identifiable contextual reasoning beyond a broad symbol definition.,climbing-a-tree,0.2528,false,The closest neighbor does not currently erase this page's independent intent.,Generic interpretation,Weak reflection questions,,1615,8,3,3
shapeshifter,Shapeshifter,Transformation and life transitions,,3,3,2,3,3,2,2,3,3,2,3,2,31,P3,Passes,"If you were fascinated rather than frightened, the shapeshifter may represent openness toward complexity, transformation, or discovering that something is more complicated than you initially believed.","If the shapeshifter changed in response to danger, the transformation may emphasize adaptability rather than deception.",Clearly no,The page contains identifiable contextual reasoning beyond a broad symbol definition.,person-changing-into-an-animal,0.2788,false,The closest neighbor does not currently erase this page's independent intent.,Generic interpretation,Insufficient emotional context; Insufficient symbolic context,,1600,8,4,4
heart-attack,Heart Attack,Anxiety and fear,,3,3,3,3,2,3,2,3,3,2,2,2,31,P3,Passes,"The most useful details are who experienced the heart attack, what happened immediately before it, whether the person survived, and how you felt afterward.","If someone else has the heart attack, consider what that person represents to you and whether you have recently worried about losing them or felt unable to protect them.",Clearly no,The page contains identifiable contextual reasoning beyond a broad symbol definition.,demonic-attack,0.3525,false,The closest neighbor does not currently erase this page's independent intent.,Generic interpretation,Insufficient symbolic context; Weak reflection questions,,1203,8,2,2
owl,Owl,Transformation and life transitions,,3,3,2,3,3,1,2,3,3,2,3,2,30,P3,Passes,"Ask yourself whether you felt that the owl was revealing something, hiding something, threatening you, or simply observing.","A peaceful owl A calm owl may support an interpretation centered on patience, contemplation, and quietly noticing what is happening before deciding how to respond.",Clearly no,The page contains identifiable contextual reasoning beyond a broad symbol definition.,being-watched,0.1404,false,The closest neighbor does not currently erase this page's independent intent.,Insufficient emotional context,,,1194,8,3,3
burning-hands,Burning Hands,Transformation and life transitions,,3,3,2,3,2,2,3,3,3,2,3,2,31,P3,Passes,"The most revealing details are what caused the burning, whether you could stop it, what you were holding, and whether the hands healed.",What happened to your hands after the burning stopped?,Clearly no,The page contains identifiable contextual reasoning beyond a broad symbol definition.,house-on-fire,0.3592,false,The closest neighbor does not currently erase this page's independent intent.,Generic interpretation,Insufficient emotional context; Weak reflection questions,,1297,8,3,3
being-judged,Being Judged,Anxiety and fear,,3,3,2,3,3,2,3,3,3,2,3,2,32,P3,Passes,"Who delivered the judgment—and whether you felt guilty, misunderstood, defiant, or ashamed—shows whether the deeper concern is wrongdoing, visibility, or an unforgiving inner standard.",Being judged by strangers A crowd of unfamiliar people can represent generalized social evaluation rather than one particular relationship.,Clearly no,The page contains identifiable contextual reasoning beyond a broad symbol definition.,court-room,0.3235,false,The closest neighbor does not currently erase this page's independent intent.,Generic interpretation,Insufficient emotional context; Weak reflection questions,,958,7,4,4
cow,Cow,Animals and creatures,,3,3,2,2,3,2,3,3,3,2,3,2,31,P3,Passes,An injured or sick cow An unhealthy cow can shift the focus toward vulnerability and threatened stability.,"A cow calmly grazing may emphasize patience, routine, and sustained nourishment, while a cow producing milk may draw attention to giving, caregiving, or resources that support others.",Clearly no,The page contains identifiable contextual reasoning beyond a broad symbol definition.,slaughtering-an-animal,0.149,false,The closest neighbor does not currently erase this page's independent intent.,Generic interpretation,Insufficient emotional context; Weak reflection questions,,952,7,3,3
being-admired,Being Admired,Relationships,,3,3,2,3,3,2,2,3,3,2,3,3,32,P3,Passes,"The meaning depends on what people admired and whether being seen felt affirming, exposing, undeserved, or uncomfortable.",Being admired by strangers Admiration from unfamiliar people may represent a desire to be recognized more broadly or confidence about entering a new social or professional environment.,Clearly no,The page contains identifiable contextual reasoning beyond a broad symbol definition.,marrying-a-celebrity,0.2963,false,The closest neighbor does not currently erase this page's independent intent.,Generic interpretation,Insufficient emotional context; Insufficient symbolic context,,902,7,4,4
big-house,Big House,Houses and places,,3,3,3,3,0,3,2,3,2,2,3,3,30,P3,Passes,"Living in a beautiful big house A beautiful, comfortable house may reflect a sense of possibility, achievement, security, or a desire to create a life with more space and freedom.","Consider whether the big house belonged to you, someone else, or no one you could identify.",Partially,"Useful material is present, but some reasoning still resembles a broad dictionary treatment.",new-house,0.649,true,"Potentially defensible if this distinction remains central: Consider whether the big house belonged to you, someone else, or no one you could identify.",Generic interpretation,Excessive repetition; Likely duplicate intent,,1106,8,4,4
spider,Spider,Animals and creatures,,3,3,3,3,3,3,3,3,3,2,3,2,34,P4,Passes,"If you felt calm while watching the spider, the dream may reflect patience, observation, or an ability to tolerate uncertainty.","If you have been carefully building something over time, the spider's web can also reflect persistence and deliberate effort rather than danger.",Clearly no,The page contains identifiable contextual reasoning beyond a broad symbol definition.,breakup,0.1225,false,The closest neighbor does not currently erase this page's independent intent.,Weak reflection questions,,,1067,8,4,4
fish,Fish,Animals and creatures,,3,3,2,3,3,3,3,3,2,2,3,3,33,P4,Passes,"If you felt protective toward the fish, the dream may highlight something vulnerable that you are trying to preserve.","Fish swimming peacefully Fish moving calmly through clear or comfortable water may reflect emotional ease, curiosity, or an ability to observe what is happening beneath the surface without feeling threatened.",Clearly no,The page contains identifiable contextual reasoning beyond a broad symbol definition.,water,0.1226,false,The closest neighbor does not currently erase this page's independent intent.,Generic interpretation,No practical connection; Weak reflection questions,,1121,8,5,5
rat,Rat,Animals and creatures,,3,3,3,3,3,3,3,3,2,2,3,2,33,P4,Passes,"If you feel relieved after the rat leaves, the dream may reflect a desire to remove an irritating problem rather than fear of the animal itself.","Without fear or disgust, the rat may fit themes of adaptability and survival rather than betrayal or threat.",Clearly no,The page contains identifiable contextual reasoning beyond a broad symbol definition.,eating-food,0.1059,false,The closest neighbor does not currently erase this page's independent intent.,No practical connection,Weak reflection questions,,1093,8,4,4
crocodile,Crocodile,Animals and creatures,,3,3,2,2,3,3,2,3,3,2,3,0,29,P3,Passes,"If you approach the crocodile calmly, the dream may reflect growing confidence in your ability to face intimidating circumstances without immediately reacting from fear.","A crocodile with its mouth open can intensify the sense of confrontation or danger, while a crocodile that never attacks may represent perceived danger that has not actually become an event.",Partially,"Useful material is present, but some reasoning still resembles a broad dictionary treatment.",animal-attack,0.1969,false,The closest neighbor does not currently erase this page's independent intent.,Generic interpretation,Insufficient symbolic context; Weak reflection questions,will happen,1103,8,4,4
elephant,Elephant,Animals and creatures,,3,3,2,3,3,3,2,3,3,2,3,2,32,P3,Passes,"A gentle elephant can embody steadiness and support, whereas a charging, trapped, or injured one may reveal pressure around power, grief, or a burden that needs attention.",Riding an elephant Riding an elephant can symbolize learning to work with something powerful rather than being overwhelmed by it.,Clearly no,The page contains identifiable contextual reasoning beyond a broad symbol definition.,family,0.1221,false,The closest neighbor does not currently erase this page's independent intent.,Generic interpretation,Insufficient symbolic context; Weak reflection questions,,1090,8,4,4
tiger,Tiger,Animals and creatures,,3,3,3,2,3,3,2,3,3,2,3,0,30,P3,Passes,Consider whether you knew the tiger was dangerous or whether you felt unexpectedly safe around it.,"If you feel protected by the tiger, its presence may symbolize a powerful source of courage or defense rather than a threat.",Clearly no,The page contains identifiable contextual reasoning beyond a broad symbol definition.,animal-attack,0.1102,false,The closest neighbor does not currently erase this page's independent intent.,Insufficient symbolic context,Weak reflection questions; Poor conditional scenarios,will happen,1047,8,4,4
scorpion,Scorpion,Animals and creatures,,3,3,2,2,3,3,2,3,3,2,3,2,31,P3,Passes,Relief after killing or escaping from a scorpion can reflect a desire to regain safety or distance from something that has felt emotionally threatening.,"If you deliberately approach the scorpion without fear, the dream may reflect growing confidence in your ability to face something uncomfortable while remaining cautious.",Partially,"Useful material is present, but some reasoning still resembles a broad dictionary treatment.",being-watched,0.1335,false,The closest neighbor does not currently erase this page's independent intent.,Generic interpretation,Insufficient symbolic context; Weak reflection questions,,1092,8,4,4
dragon,Dragon,Animals and creatures,,3,3,3,3,3,3,2,3,2,2,3,3,33,P4,Passes,"Fighting the dragon can reflect determination to overcome a major obstacle, although the dream may also question whether every powerful challenge needs to be defeated.","If you are trying to defeat the dragon, consider whether you are currently fighting against a fear, obstacle, expectation, or powerful external pressure.",Clearly no,The page contains identifiable contextual reasoning beyond a broad symbol definition.,flying,0.0956,false,The closest neighbor does not currently erase this page's independent intent.,Insufficient symbolic context,No practical connection; Weak reflection questions,,1092,8,4,4
books,Books,Transformation and life transitions,,3,3,2,3,3,2,3,3,3,2,3,2,32,P3,Passes,"Comfort or peace may connect books with safety, familiarity, reflection, or a place where you feel mentally grounded.","Reading a book places emphasis on actively processing information, whereas searching through books may reflect looking for a particular answer or explanation.",Clearly no,The page contains identifiable contextual reasoning beyond a broad symbol definition.,childhood-home,0.1362,false,The closest neighbor does not currently erase this page's independent intent.,Generic interpretation,Insufficient emotional context; Weak reflection questions,,1012,8,4,4
bear,Bear,Animals and creatures,,3,3,2,3,3,2,3,3,2,2,3,2,31,P3,Passes,Standing still and watching the bear can indicate caution and assessment rather than helplessness.,"A charging or attacking bear can shift the focus toward immediate pressure, conflict, fear, or a boundary that feels threatened.",Clearly no,The page contains identifiable contextual reasoning beyond a broad symbol definition.,animal-attack,0.1288,false,The closest neighbor does not currently erase this page's independent intent.,Generic interpretation,Insufficient emotional context; No practical connection,,1091,8,4,4
tornado,Tornado,Natural disasters,,3,2,2,2,3,3,2,3,3,2,3,3,31,P3,Passes,The dominant emotion in a tornado dream can reveal whether the imagery is about immediate fear or a deeper adjustment to change.,"If you are rebuilding after the tornado, the waking-life connection may be less about fear and more about adapting after something significant has changed.",Partially,"Useful material is present, but some reasoning still resembles a broad dictionary treatment.",breakup,0.1845,false,The closest neighbor does not currently erase this page's independent intent.,Generic interpretation,Insufficient symbolic context; Weak reflection questions,,1143,8,5,5
volcano,Volcano,Natural disasters,,3,3,2,3,3,3,3,3,3,2,3,3,34,P4,Passes,"Anger may be especially significant when the volcano is actively erupting, particularly if you have been suppressing frustration or resentment.",Watching a volcano erupt from a distance Seeing an eruption from somewhere safe can suggest awareness of a powerful change or conflict without being directly consumed by it.,Clearly no,The page contains identifiable contextual reasoning beyond a broad symbol definition.,tornado,0.1575,false,The closest neighbor does not currently erase this page's independent intent.,Generic interpretation,Weak reflection questions,,1141,8,5,5
train,Train,Travel and transportation,,3,3,2,3,0,2,3,3,3,2,3,2,29,P3,Passes,"The condition of the train, speed of travel, people around you, and whether you could freely get off also matter.","If you choose to board a different train, the dream may reflect reconsideration and the possibility of changing direction rather than simply continuing with an existing plan.",Partially,"Useful material is present, but some reasoning still resembles a broad dictionary treatment.",missing-a-train,0.7376,true,"Potentially defensible if this distinction remains central: If you choose to board a different train, the dream may reflect reconsideration and the possibility of changing direction rather than simply continuing with an existing plan.",Generic interpretation,Excessive repetition; Likely duplicate intent,,1158,8,4,4
shoe,Shoe,Objects,,3,3,3,2,3,2,2,3,3,2,3,2,31,P3,Passes,"The most useful details are the condition of the shoes, whether they belonged to you, how they felt on your feet, and what you were trying to do while wearing them.","If you cannot walk comfortably because of your shoes, consider whether something in waking life is making progress harder than it should be.",Clearly no,The page contains identifiable contextual reasoning beyond a broad symbol definition.,moving-to-a-new-house,0.1013,false,The closest neighbor does not currently erase this page's independent intent.,Insufficient emotional context,Insufficient symbolic context; Weak reflection questions,,1058,8,5,5
gold,Gold,Objects,,3,3,2,3,3,2,2,3,3,2,3,3,32,P3,Passes,"If you discover gold accidentally rather than searching for it, the dream may highlight an unexpected realization about your own abilities or circumstances.","Notice who owned the gold, whether you found it or were given it, and whether you felt entitled to keep it.",Clearly no,The page contains identifiable contextual reasoning beyond a broad symbol definition.,finding-money,0.1252,false,The closest neighbor does not currently erase this page's independent intent.,Generic interpretation,Insufficient emotional context; Insufficient symbolic context,,1089,8,4,4
ring,Ring,Objects,,3,3,3,3,2,2,2,3,3,2,3,0,29,P3,Passes,"Notice whether the ring felt precious, ordinary, uncomfortable, or burdensome.","If you are considering a major relationship decision, the dream may reflect hopes and fears surrounding permanence rather than predicting what will happen.",Clearly no,The page contains identifiable contextual reasoning beyond a broad symbol definition.,engagement,0.3569,false,The closest neighbor does not currently erase this page's independent intent.,Generic interpretation,Insufficient emotional context; Insufficient symbolic context,will happen,1068,8,5,5
eating-food,Eating Food,Food,,3,3,3,3,3,2,3,3,2,2,3,2,32,P3,Passes,"Eating alone Eating alone may highlight independence and personal needs, but it can also reflect loneliness depending on whether solitude felt peaceful or painful.","If you feel guilty, ashamed, or anxious while eating, the dream may connect with conflict around pleasure, control, self-judgment, or something you feel you should not have.",Clearly no,The page contains identifiable contextual reasoning beyond a broad symbol definition.,famine,0.2392,false,The closest neighbor does not currently erase this page's independent intent.,Insufficient emotional context,No practical connection; Weak reflection questions,,972,8,3,3
kissing-someone,Kissing Someone,Relationships,,3,3,3,3,3,3,3,3,2,2,3,3,34,P4,Passes,Unexpected attraction or curiosity Someone beginning a new phase of life might dream of kissing a stranger and feeling excited rather than confused.,"For someone already in a relationship, kissing another person in a dream can reflect curiosity, unmet emotional needs, admiration, novelty, or ordinary dream processing rather than an intention to be unfaithful.",Clearly no,The page contains identifiable contextual reasoning beyond a broad symbol definition.,seeing-someone-you-miss,0.2101,false,The closest neighbor does not currently erase this page's independent intent.,No practical connection,Weak reflection questions,,1044,8,4,4
taking-a-shower,Taking a Shower,Transformation and life transitions,,3,3,3,3,3,2,2,3,3,2,3,2,32,P3,Passes,"Taking a peaceful shower A calm, relaxing shower can suggest emotional decompression, restoration, and the desire to have private space away from external demands.","Taking a hot shower Warm water may emphasize comfort, relaxation, emotional soothing, and the need to recover from stress or exhaustion.",Clearly no,The page contains identifiable contextual reasoning beyond a broad symbol definition.,falling-or-swimming-in-dirty-water,0.257,false,The closest neighbor does not currently erase this page's independent intent.,Insufficient emotional context,Insufficient symbolic context; Weak reflection questions,,998,8,4,4
dancing,Dancing,Transformation and life transitions,,3,3,2,3,3,3,3,3,3,2,3,3,34,P4,Passes,"The ending also matters: did you keep dancing, stop voluntarily, get interrupted, or leave because you felt uncomfortable?","Dancing at a celebration Dancing during a celebration can reflect joy, recognition, relief, or a desire to acknowledge progress and enjoy an important moment.",Clearly no,The page contains identifiable contextual reasoning beyond a broad symbol definition.,breakup,0.1175,false,The closest neighbor does not currently erase this page's independent intent.,Generic interpretation,Weak reflection questions,,985,8,3,3
missing-a-bathroom,Missing a Bathroom,Anxiety and fear,KEEP,3,2,2,2,3,2,2,2,1,2,2,2,25,P2,Passes,Shame may appear when privacy is missing; anger may surface when other people or obligations keep blocking access.,"Relief on finally finding a bathroom can reflect permission to stop, speak honestly, or attend to yourself without apology.",Partially,"Useful material is present, but some reasoning still resembles a broad dictionary treatment.",being-in-a-toilet,0.2393,false,The closest neighbor does not currently erase this page's independent intent.,No practical connection,,,456,3,2,2
being-stuck-in-an-elevator,Being Stuck in an Elevator,Anxiety and fear,,3,2,2,2,3,3,2,2,3,2,3,2,29,P3,Passes,"Notice the intended floor, direction of travel, who entered with you, and whether the elevator stalled, dropped, shook, or merely refused to open.","The elevator suddenly falls The drop can express fear that status, security, or hard-won progress could disappear.",Partially,"Useful material is present, but some reasoning still resembles a broad dictionary treatment.",failure-to-call-or-communicate,0.2167,false,The closest neighbor does not currently erase this page's independent intent.,Generic interpretation,Insufficient symbolic context; Weak spiritual/biblical interpretation,,720,5,4,4
being-in-outer-space,Being in Outer Space,Spiritual dreams,NOINDEX_REVIEW,3,2,2,2,3,1,1,2,1,2,2,2,23,P2,Passes,"Outer space removes familiar ground, boundaries, and scale.","A spacecraft suggests a protected means of exploring change, while an empty suit or broken tether highlights vulnerability.",Partially,"Useful material is present, but some reasoning still resembles a broad dictionary treatment.",feeling-intense-peace,0.1349,false,The closest neighbor does not currently erase this page's independent intent.,Insufficient emotional context,Insufficient symbolic context; No practical connection,,353,3,2,2
seeing-your-future-self,Seeing Your Future Self,Transformation and life transitions,KEEP,3,3,3,1,2,2,1,2,1,2,3,0,23,P2,Passes,"Seeing your future self in a dream can give a face to hope, fear, or a choice that is still unfolding.","Your future self looks peaceful The calm may represent a quality you hope to develop or reassurance that change can become livable, not a guaranteed outcome.",Partially,"Useful material is present, but some reasoning still resembles a broad dictionary treatment.",the-future,0.4255,false,The closest neighbor does not currently erase this page's independent intent.,Insufficient symbolic context,No practical connection; Poor conditional scenarios,guarantees; will happen,468,5,3,3
watching-a-natural-disaster,Watching a Natural Disaster,Natural disasters,KEEP,3,3,2,2,3,2,1,2,1,2,3,2,26,P2,Passes,Watching a natural disaster rather than being caught inside it makes distance the central question.,The disaster supplies the form of disruption; watching supplies the tension between awareness and participation.,Partially,"Useful material is present, but some reasoning still resembles a broad dictionary treatment.",tornado,0.1827,false,The closest neighbor does not currently erase this page's independent intent.,Insufficient symbolic context,No practical connection,,353,5,3,3
being-lost-in-your-own-house,Being Lost in Your Own House,Houses and places,KEEP,3,3,2,2,2,1,1,2,1,2,2,2,23,P2,Passes,"Being lost in your own house can reflect feeling unfamiliar with part of yourself, your family life, or a situation that once felt secure.",Fear can arise if the house feels hostile; sadness may reflect lost belonging.,Partially,"Useful material is present, but some reasoning still resembles a broad dictionary treatment.",house,0.4192,false,The closest neighbor does not currently erase this page's independent intent.,Insufficient emotional context,Insufficient symbolic context; No practical connection,,370,3,2,2
crawling-through-a-tight-space,Crawling Through a Tight Space,Anxiety and fear,KEEP,3,3,2,2,3,1,1,2,1,2,2,2,24,P2,Passes,"Crawling through a tight space often reflects pressure, restricted choices, or the difficult work of moving through a situation that offers little room.","Crawling rather than walking can point to humility, reduced power, or adaptation.",Partially,"Useful material is present, but some reasoning still resembles a broad dictionary treatment.",room-closing-in-on-you,0.2033,false,The closest neighbor does not currently erase this page's independent intent.,Insufficient emotional context,Insufficient symbolic context; No practical connection,,368,3,2,2
failure-to-call-or-communicate,Unable to Call or Communicate,Relationships,KEEP,3,3,2,2,2,3,2,2,2,2,3,2,28,P3,Passes,"Being unable to call or communicate in a dream often points to a message, warning, or need for connection that cannot reach its destination.",Being unable to communicate is not one failure with one meaning.,Partially,"Useful material is present, but some reasoning still resembles a broad dictionary treatment.",phone-not-working,0.404,false,The closest neighbor does not currently erase this page's independent intent.,Generic interpretation,Insufficient symbolic context; Weak spiritual/biblical interpretation,,726,5,3,3
familiar-place-turned-eerie,A Familiar Place Turning Eerie,Anxiety and fear,NOINDEX_REVIEW,3,3,2,1,3,1,1,2,1,2,2,2,23,P2,Passes,"A familiar school or workplace is empty The absence of people can emphasize endings, isolation, or a role that no longer carries its former meaning.","Returning home, reconnecting with old friends, workplace change, family tension, grief, or learning difficult history can make a known place feel psychologically different.",Partially,"Useful material is present, but some reasoning still resembles a broad dictionary treatment.",childhood-home,0.2914,false,The closest neighbor does not currently erase this page's independent intent.,Insufficient emotional context,Insufficient symbolic context; No practical connection,,369,3,2,2
music-playing-from-nowhere,Music Playing From Nowhere,Spiritual dreams,NOINDEX_REVIEW,3,2,2,1,3,2,1,2,1,2,2,2,23,P2,Passes,Sad music may allow grief to surface indirectly.,Music that stops when you search for it can symbolize inspiration or comfort that disappears under forced analysis.,Partially,"Useful material is present, but some reasoning still resembles a broad dictionary treatment.",talking-to-a-dead-person,0.0986,false,The closest neighbor does not currently erase this page's independent intent.,Insufficient symbolic context,No practical connection; Poor conditional scenarios,,370,3,2,2
being-chased-by-a-lion,Being Chased by a Lion,Animals and creatures,MERGE_REVIEW,3,3,3,3,0,2,3,3,2,2,3,2,29,P3,Passes,"Dreaming about being chased by a lion can reflect intense pressure, fear of confrontation, authority, powerful emotions, or courage that feels difficult to claim.","If the lion resembles your own anger, ambition, confidence, or authority, consider whether that quality needs responsible expression rather than continued suppression.",Partially,"Useful material is present, but some reasoning still resembles a broad dictionary treatment.",lion-chasing-you,0.7298,true,"Potentially defensible if this distinction remains central: If the lion resembles your own anger, ambition, confidence, or authority, consider whether that quality needs responsible expression rather than continued suppression.",Generic interpretation,Excessive repetition; Likely duplicate intent,,947,5,3,3